HR,lo95,hi95,p,n,events,parameters,iter,score_residual_norm,warning,ph_global,cohort,score,endpoint,variant,model,events_per_parameter,inference_status,endpoint_label
0.923534394277681,0.777552910616959,1.09692313637806,0.364853822000905,453,130,1,3,4.3428802221079405e-15,,,GSE39582,OX3,recurrence_diagnostic,V5_maxfidelity_cens60,M0,130.0,Diagnostic specification; endpoint assumptions remain,RFS metadata
0.973834040368332,0.817439853831744,1.16014986758318,0.766582741838036,453,130,4,3,1.59725493171151e-08,,,GSE39582,OX3,recurrence_diagnostic,V5_maxfidelity_cens60,M1,32.5,Diagnostic specification; endpoint assumptions remain,RFS metadata
1.21239676487236,0.938733903031968,1.56583874378607,0.140055582231753,453,130,12,4,6.33396624669965e-12,,,GSE39582,OX3,recurrence_diagnostic,V5_maxfidelity_cens60,M2,10.833333333333334,Diagnostic specification; endpoint assumptions remain,RFS metadata
0.919607827973962,0.776552536754048,1.08901654072998,0.331309746379031,453,130,1,3,5.0953165298128806e-15,,,GSE39582,OX4,recurrence_diagnostic,V5_maxfidelity_cens60,M0,130.0,Diagnostic specification; endpoint assumptions remain,RFS metadata
0.9760295853834,0.82127152488594,1.15994981279303,0.782970775931838,453,130,4,3,1.40987544421837e-08,,0.14069504068577,GSE39582,OX4,recurrence_diagnostic,V5_maxfidelity_cens60,M1,32.5,Diagnostic specification; endpoint assumptions remain,RFS metadata
1.13972783997626,0.907144412127453,1.43194350519181,0.261389711001414,453,130,12,4,2.92698899242392e-11,,,GSE39582,OX4,recurrence_diagnostic,V5_maxfidelity_cens60,M2,10.833333333333334,Diagnostic specification; endpoint assumptions remain,RFS metadata
0.920412092459594,0.777298382873612,1.08987544373111,0.336133074313466,453,130,1,2,3.30955389395843e-10,,,GSE39582,OX5,recurrence_diagnostic,V5_maxfidelity_cens60,M0,130.0,Diagnostic specification; endpoint assumptions remain,RFS metadata
0.971789686784655,0.819599992779419,1.15223914551105,0.741934671822468,453,130,4,3,1.30557971417281e-08,,,GSE39582,OX5,recurrence_diagnostic,V5_maxfidelity_cens60,M1,32.5,Diagnostic specification; endpoint assumptions remain,RFS metadata
1.14027605769433,0.911767576217662,1.4260536584825,0.249962347846022,453,130,12,4,1.97665580464781e-11,,,GSE39582,OX5,recurrence_diagnostic,V5_maxfidelity_cens60,M2,10.833333333333334,Diagnostic specification; endpoint assumptions remain,RFS metadata
0.95700971623497,0.807357494686043,1.1344015544493,0.612524587507425,453,130,1,2,8.656189097976111e-09,,,GSE39582,OX5_noNRF2,recurrence_diagnostic,V5_maxfidelity_cens60,M0,130.0,Diagnostic specification; endpoint assumptions remain,RFS metadata
1.0056848140089,0.845840296949775,1.19573629770937,0.948820720467754,453,130,4,3,1.74973229797428e-08,,,GSE39582,OX5_noNRF2,recurrence_diagnostic,V5_maxfidelity_cens60,M1,32.5,Diagnostic specification; endpoint assumptions remain,RFS metadata
1.19596569452296,0.950690636413229,1.50452091110539,0.126473656577576,453,130,12,4,1.03101237422416e-11,,,GSE39582,OX5_noNRF2,recurrence_diagnostic,V5_maxfidelity_cens60,M2,10.833333333333334,Diagnostic specification; endpoint assumptions remain,RFS metadata
0.825196276066582,0.696055689291951,0.978296570963792,0.0269212573098665,453,130,1,3,2.6828496455660897e-11,,,GSE39582,OX6,recurrence_diagnostic,V5_maxfidelity_cens60,M0,130.0,Diagnostic specification; endpoint assumptions remain,RFS metadata
0.865306182648854,0.728381849234666,1.02797013752755,0.0997458249439746,453,130,4,3,8.67085454104521e-09,,,GSE39582,OX6,recurrence_diagnostic,V5_maxfidelity_cens60,M1,32.5,Diagnostic specification; endpoint assumptions remain,RFS metadata
1.00843468141479,0.761122215097553,1.33610672045595,0.95334259436965,453,130,12,4,1.70542619968508e-10,,,GSE39582,OX6,recurrence_diagnostic,V5_maxfidelity_cens60,M2,10.833333333333334,Diagnostic specification; endpoint assumptions remain,RFS metadata
1.13137155334112,0.772772055822288,1.65637665345894,0.525673966492382,145,31,1,3,7.3262301659299306e-09,,,GSE17538,OX3,recurrence_diagnostic,V5_maxfidelity_cens60,M0,31.0,Diagnostic specification; endpoint assumptions remain,recorded cancer recurrence / DFS metadata
1.1691794111819,0.789244912804701,1.73201052468476,0.435658137952921,145,31,4,4,3.07504711974098e-13,,,GSE17538,OX3,recurrence_diagnostic,V5_maxfidelity_cens60,M1,7.75,Diagnostic specification; endpoint assumptions remain,recorded cancer recurrence / DFS metadata
1.1484599875236,0.476565248327716,2.76763852918562,0.75774184642056,145,31,12,5,4.6140723556531e-09,,,GSE17538,OX3,recurrence_diagnostic,V5_maxfidelity_cens60,M2,2.5833333333333335,Diagnostic specification; endpoint assumptions remain,recorded cancer recurrence / DFS metadata
1.34371607137538,0.887913106181084,2.03350177838713,0.162236412047026,145,31,1,4,2.14634863701657e-12,,,GSE17538,OX4,recurrence_diagnostic,V5_maxfidelity_cens60,M0,31.0,Diagnostic specification; endpoint assumptions remain,recorded cancer recurrence / DFS metadata
1.39347961855075,0.914437210585515,2.12347597499123,0.122638295706312,145,31,4,4,1.1574418462186698e-11,,0.9220089144398,GSE17538,OX4,recurrence_diagnostic,V5_maxfidelity_cens60,M1,7.75,Diagnostic specification; endpoint assumptions remain,recorded cancer recurrence / DFS metadata
1.13686800345671,0.426867867758534,3.02779608142055,0.797437151270853,145,31,12,5,5.07815038845797e-09,,,GSE17538,OX4,recurrence_diagnostic,V5_maxfidelity_cens60,M2,2.5833333333333335,Diagnostic specification; endpoint assumptions remain,recorded cancer recurrence / DFS metadata
1.02609541230053,0.713358878176098,1.47593564383211,0.889538720503042,145,31,1,3,9.0804100350006e-15,,,GSE17538,OX5,recurrence_diagnostic,V5_maxfidelity_cens60,M0,31.0,Diagnostic specification; endpoint assumptions remain,recorded cancer recurrence / DFS metadata
1.08415250378424,0.738497041007873,1.59159290585309,0.679995139352443,145,31,4,4,7.79584900150478e-13,,,GSE17538,OX5,recurrence_diagnostic,V5_maxfidelity_cens60,M1,7.75,Diagnostic specification; endpoint assumptions remain,recorded cancer recurrence / DFS metadata
0.714531129190929,0.322225701829593,1.58446310050359,0.408095723515821,145,31,12,5,5.459170874707331e-09,,,GSE17538,OX5,recurrence_diagnostic,V5_maxfidelity_cens60,M2,2.5833333333333335,Diagnostic specification; endpoint assumptions remain,recorded cancer recurrence / DFS metadata
1.04311454535457,0.72385334844694,1.50318839729734,0.820867830956156,145,31,1,3,4.97873443860986e-13,,,GSE17538,OX5_noNRF2,recurrence_diagnostic,V5_maxfidelity_cens60,M0,31.0,Diagnostic specification; endpoint assumptions remain,recorded cancer recurrence / DFS metadata
1.09459643113519,0.74376200773664,1.61092034090312,0.646631810791837,145,31,4,4,1.85716009598419e-13,,,GSE17538,OX5_noNRF2,recurrence_diagnostic,V5_maxfidelity_cens60,M1,7.75,Diagnostic specification; endpoint assumptions remain,recorded cancer recurrence / DFS metadata
0.758191871582915,0.3501310656079,1.64182779136246,0.48254246864312,145,31,12,5,4.65258862407362e-09,,,GSE17538,OX5_noNRF2,recurrence_diagnostic,V5_maxfidelity_cens60,M2,2.5833333333333335,Diagnostic specification; endpoint assumptions remain,recorded cancer recurrence / DFS metadata
1.22691871831923,0.826120458889805,1.8221671248586,0.310864722426424,145,31,1,4,1.8834760140418202e-14,,,GSE17538,OX6,recurrence_diagnostic,V5_maxfidelity_cens60,M0,31.0,Diagnostic specification; endpoint assumptions remain,recorded cancer recurrence / DFS metadata
1.26020545884333,0.843790266859474,1.88212386522232,0.258457584626707,145,31,4,4,1.1880995492046199e-12,,,GSE17538,OX6,recurrence_diagnostic,V5_maxfidelity_cens60,M1,7.75,Diagnostic specification; endpoint assumptions remain,recorded cancer recurrence / DFS metadata
0.91905789903725,0.283721692469887,2.97709848841542,0.888066257470419,145,31,12,5,3.9436869287917905e-09,,,GSE17538,OX6,recurrence_diagnostic,V5_maxfidelity_cens60,M2,2.5833333333333335,Diagnostic specification; endpoint assumptions remain,recorded cancer recurrence / DFS metadata
