cohort,score,model,n,events,HR,lo95,hi95,p,n_params,EPV,covariates_used,dropped_constant,n_analysis_subset,note
GSE39582,OX3,M1,561,191,0.8996018216800272,0.7756417542800745,1.0433727079599706,0.1619094552170352,7,27.285714285714285,age;male;stg_II;stg_III;stg_IV;stg_Unknown,,561,主模型（本文口径）
GSE39582,OX3,M1(cc:chemo),545,180,0.9122366767745892,0.7825712022057636,1.0633866312830917,0.2402832666935901,7,25.714285714285715,age;male;stg_II;stg_III;stg_IV;stg_Unknown,,561,M1 限定于 chemo 的同批完整病例
GSE39582,OX3,M1+chemo,545,180,0.9114981739543229,0.7818659085313373,1.0626232862393248,0.23644323423727834,8,22.5,age;male;stg_II;stg_III;stg_IV;stg_Unknown;chemo,,561,M1 + chemo
GSE39582,OX3,M1(cc:mmr),515,176,0.9403059815744995,0.8046502354952143,1.0988318899088196,0.438747482773432,7,25.142857142857142,age;male;stg_II;stg_III;stg_IV;stg_Unknown,,561,M1 限定于 mmr 的同批完整病例
GSE39582,OX3,M1+mmr,515,176,0.9420085228239301,0.8051970868874041,1.1020656576183203,0.4555811995962846,8,22.0,age;male;stg_II;stg_III;stg_IV;stg_Unknown;mmr,,561,M1 + mmr
GSE39582,OX3,M1(cc:side),561,191,0.8996018216800272,0.7756417542800745,1.0433727079599706,0.1619094552170352,7,27.285714285714285,age;male;stg_II;stg_III;stg_IV;stg_Unknown,,561,M1 限定于 side 的同批完整病例
GSE39582,OX3,M1+side,561,191,0.8994201341216789,0.7755460921185535,1.0430799482899051,0.16088769771616535,8,23.875,age;male;stg_II;stg_III;stg_IV;stg_Unknown;side_prox,,561,M1 + side
GSE39582,OX3,M1(cc:chemo+mmr+side),499,165,0.9576487490822778,0.8147986088214774,1.125543314249554,0.5995514935605769,7,23.571428571428573,age;male;stg_II;stg_III;stg_IV;stg_Unknown,,561,M1 限定于 chemo+mmr+side 的同批完整病例
GSE39582,OX3,M1+chemo+mmr+side,499,165,0.9587696738252046,0.814811648673637,1.1281616910401822,0.6119938924139374,10,16.5,age;male;stg_II;stg_III;stg_IV;stg_Unknown;chemo;mmr;side_prox,,561,M1 + chemo+mmr+side
GSE39582,OX4,M1,561,191,0.9394141383581284,0.8086996776229883,1.0912566775605432,0.4136028739472515,7,27.285714285714285,age;male;stg_II;stg_III;stg_IV;stg_Unknown,,561,主模型（本文口径）
GSE39582,OX4,M1(cc:chemo),545,180,0.9493715786008078,0.8139379472853087,1.1073404271923644,0.5082316461088652,7,25.714285714285715,age;male;stg_II;stg_III;stg_IV;stg_Unknown,,561,M1 限定于 chemo 的同批完整病例
GSE39582,OX4,M1+chemo,545,180,0.9475404565720003,0.8121476862439941,1.1055044938845495,0.49336220427004274,8,22.5,age;male;stg_II;stg_III;stg_IV;stg_Unknown;chemo,,561,M1 + chemo
GSE39582,OX4,M1(cc:mmr),515,176,0.9755087047720098,0.8335607188011925,1.1416291718431233,0.7572798451927252,7,25.142857142857142,age;male;stg_II;stg_III;stg_IV;stg_Unknown,,561,M1 限定于 mmr 的同批完整病例
GSE39582,OX4,M1+mmr,515,176,0.9784714539065686,0.8344278197602317,1.147380712192865,0.7888044894584698,8,22.0,age;male;stg_II;stg_III;stg_IV;stg_Unknown;mmr,,561,M1 + mmr
GSE39582,OX4,M1(cc:side),561,191,0.9394141383581284,0.8086996776229883,1.0912566775605432,0.4136028739472515,7,27.285714285714285,age;male;stg_II;stg_III;stg_IV;stg_Unknown,,561,M1 限定于 side 的同批完整病例
GSE39582,OX4,M1+side,561,191,0.9383278979765108,0.8078113283304033,1.089931786350117,0.4048299415828134,8,23.875,age;male;stg_II;stg_III;stg_IV;stg_Unknown;side_prox,,561,M1 + side
GSE39582,OX4,M1(cc:chemo+mmr+side),499,165,0.988587251909194,0.8406847093133927,1.1625104439398697,0.889592393720117,7,23.571428571428573,age;male;stg_II;stg_III;stg_IV;stg_Unknown,,561,M1 限定于 chemo+mmr+side 的同批完整病例
GSE39582,OX4,M1+chemo+mmr+side,499,165,0.9871201633282017,0.8375085551262862,1.163458224856183,0.8771467785030089,10,16.5,age;male;stg_II;stg_III;stg_IV;stg_Unknown;chemo;mmr;side_prox,,561,M1 + chemo+mmr+side
GSE39582,OX5,M1,561,191,0.905689884736821,0.784617923066887,1.0454440858403249,0.17606645969938597,7,27.285714285714285,age;male;stg_II;stg_III;stg_IV;stg_Unknown,,561,主模型（本文口径）
GSE39582,OX5,M1(cc:chemo),545,180,0.9155393401711782,0.789440650215628,1.0617799870986209,0.24316991214467798,7,25.714285714285715,age;male;stg_II;stg_III;stg_IV;stg_Unknown,,561,M1 限定于 chemo 的同批完整病例
GSE39582,OX5,M1+chemo,545,180,0.9173833798054077,0.7907861628255731,1.0642475869027395,0.25507338319283046,8,22.5,age;male;stg_II;stg_III;stg_IV;stg_Unknown;chemo,,561,M1 + chemo
GSE39582,OX5,M1(cc:mmr),515,176,0.9349311047355439,0.8047852682978488,1.0861234729740654,0.37899850759184595,7,25.142857142857142,age;male;stg_II;stg_III;stg_IV;stg_Unknown,,561,M1 限定于 mmr 的同批完整病例
GSE39582,OX5,M1+mmr,515,176,0.9352808444607885,0.8050912650595238,1.0865231011425913,0.38163453662489577,8,22.0,age;male;stg_II;stg_III;stg_IV;stg_Unknown;mmr,,561,M1 + mmr
GSE39582,OX5,M1(cc:side),561,191,0.905689884736821,0.784617923066887,1.0454440858403249,0.17606645969938597,7,27.285714285714285,age;male;stg_II;stg_III;stg_IV;stg_Unknown,,561,M1 限定于 side 的同批完整病例
GSE39582,OX5,M1+side,561,191,0.9063842140269609,0.7851453946773962,1.0463442172705175,0.17971999706447944,8,23.875,age;male;stg_II;stg_III;stg_IV;stg_Unknown;side_prox,,561,M1 + side
GSE39582,OX5,M1(cc:chemo+mmr+side),499,165,0.947847854786027,0.8118218896052605,1.10666584299583,0.497988045813089,7,23.571428571428573,age;male;stg_II;stg_III;stg_IV;stg_Unknown,,561,M1 限定于 chemo+mmr+side 的同批完整病例
GSE39582,OX5,M1+chemo+mmr+side,499,165,0.9521143335460001,0.815115463442585,1.1121390095031578,0.5358706843126388,10,16.5,age;male;stg_II;stg_III;stg_IV;stg_Unknown;chemo;mmr;side_prox,,561,M1 + chemo+mmr+side
GSE39582,OX5_noNRF2,M1,561,191,0.8984192079877386,0.7776051150946367,1.0380038114629457,0.1460141029581044,7,27.285714285714285,age;male;stg_II;stg_III;stg_IV;stg_Unknown,,561,主模型（本文口径）
GSE39582,OX5_noNRF2,M1(cc:chemo),545,180,0.9176035990657224,0.789066940951575,1.0670784965379005,0.2640918314247521,7,25.714285714285715,age;male;stg_II;stg_III;stg_IV;stg_Unknown,,561,M1 限定于 chemo 的同批完整病例
GSE39582,OX5_noNRF2,M1+chemo,545,180,0.9185026245927477,0.789629329165262,1.0684089866261777,0.27041581988087343,8,22.5,age;male;stg_II;stg_III;stg_IV;stg_Unknown;chemo,,561,M1 + chemo
GSE39582,OX5_noNRF2,M1(cc:mmr),515,176,0.928349574025406,0.7986826673088832,1.0790680289795833,0.33275609646650545,7,25.142857142857142,age;male;stg_II;stg_III;stg_IV;stg_Unknown,,561,M1 限定于 mmr 的同批完整病例
GSE39582,OX5_noNRF2,M1+mmr,515,176,0.9293774404726216,0.7993910215709726,1.080500535472621,0.3407080060188231,8,22.0,age;male;stg_II;stg_III;stg_IV;stg_Unknown;mmr,,561,M1 + mmr
GSE39582,OX5_noNRF2,M1(cc:side),561,191,0.8984192079877386,0.7776051150946367,1.0380038114629457,0.1460141029581044,7,27.285714285714285,age;male;stg_II;stg_III;stg_IV;stg_Unknown,,561,M1 限定于 side 的同批完整病例
GSE39582,OX5_noNRF2,M1+side,561,191,0.8985401514344156,0.7776458473545611,1.0382289142112102,0.14675133818535077,8,23.875,age;male;stg_II;stg_III;stg_IV;stg_Unknown;side_prox,,561,M1 + side
GSE39582,OX5_noNRF2,M1(cc:chemo+mmr+side),499,165,0.9528046998001222,0.8138461679904325,1.1154894274465312,0.5477795149386018,7,23.571428571428573,age;male;stg_II;stg_III;stg_IV;stg_Unknown,,561,M1 限定于 chemo+mmr+side 的同批完整病例
GSE39582,OX5_noNRF2,M1+chemo+mmr+side,499,165,0.9560026476693622,0.8160503806810434,1.1199566644256589,0.5774269768431116,10,16.5,age;male;stg_II;stg_III;stg_IV;stg_Unknown;chemo;mmr;side_prox,,561,M1 + chemo+mmr+side
GSE39582,OX6,M1,561,191,0.8618758945846482,0.7423333878630238,1.0006690656936417,0.05103511523897997,7,27.285714285714285,age;male;stg_II;stg_III;stg_IV;stg_Unknown,,561,主模型（本文口径）
GSE39582,OX6,M1(cc:chemo),545,180,0.863229296413237,0.7406519761044356,1.006093066956214,0.05980571153086318,7,25.714285714285715,age;male;stg_II;stg_III;stg_IV;stg_Unknown,,561,M1 限定于 chemo 的同批完整病例
GSE39582,OX6,M1+chemo,545,180,0.8597157110348328,0.7372178060674544,1.002568166038709,0.05394711982332688,8,22.5,age;male;stg_II;stg_III;stg_IV;stg_Unknown;chemo,,561,M1 + chemo
GSE39582,OX6,M1(cc:mmr),515,176,0.8974119099165208,0.7686023874463188,1.0478085278082294,0.17093343327367416,7,25.142857142857142,age;male;stg_II;stg_III;stg_IV;stg_Unknown,,561,M1 限定于 mmr 的同批完整病例
GSE39582,OX6,M1+mmr,515,176,0.8982979957739897,0.7681495185253557,1.0504976827436894,0.17925149575804172,8,22.0,age;male;stg_II;stg_III;stg_IV;stg_Unknown;mmr,,561,M1 + mmr
GSE39582,OX6,M1(cc:side),561,191,0.8618758945846482,0.7423333878630238,1.0006690656936417,0.05103511523897997,7,27.285714285714285,age;male;stg_II;stg_III;stg_IV;stg_Unknown,,561,M1 限定于 side 的同批完整病例
GSE39582,OX6,M1+side,561,191,0.8612663390444277,0.7419106622380349,0.9998234889000669,0.04972950871871672,8,23.875,age;male;stg_II;stg_III;stg_IV;stg_Unknown;side_prox,,561,M1 + side
GSE39582,OX6,M1(cc:chemo+mmr+side),499,165,0.9010205965851021,0.7682136953674352,1.0567868294541047,0.20016502912209064,7,23.571428571428573,age;male;stg_II;stg_III;stg_IV;stg_Unknown,,561,M1 限定于 chemo+mmr+side 的同批完整病例
GSE39582,OX6,M1+chemo+mmr+side,499,165,0.8960345145758155,0.7621572373483912,1.0534281011414344,0.18366279358607374,10,16.5,age;male;stg_II;stg_III;stg_IV;stg_Unknown;chemo;mmr;side_prox,,561,M1 + chemo+mmr+side
TCGA-COADREAD,OX3,M1,367,85,0.93338360746577,0.745277017200608,1.1689679657078575,0.5482640344451968,7,12.142857142857142,age;male;stg_II;stg_III;stg_IV;stg_Unknown,,367,主模型（本文口径）
TCGA-COADREAD,OX3,M1(cc:chemo),309,62,0.9288528841230737,0.7211487753450027,1.196379595778968,0.5676459907956288,7,8.857142857142858,age;male;stg_II;stg_III;stg_IV;stg_Unknown,,367,M1 限定于 chemo 的同批完整病例
TCGA-COADREAD,OX3,M1+chemo,309,62,0.9871536967066354,0.7614601738967286,1.2797418096533786,0.9222326790964044,8,7.75,age;male;stg_II;stg_III;stg_IV;stg_Unknown;chemo,,367,M1 + chemo
TCGA-COADREAD,OX3,M1(cc:mmr),232,35,0.9676502957310202,0.6589375647445561,1.4209951669568504,0.8667883789243642,7,5.0,age;male;stg_II;stg_III;stg_IV;stg_Unknown,,367,M1 限定于 mmr 的同批完整病例
TCGA-COADREAD,OX3,M1+mmr,232,35,0.9479047514476846,0.6447372510961539,1.3936272741949791,0.785564764023826,8,4.375,age;male;stg_II;stg_III;stg_IV;stg_Unknown;mmr,,367,M1 + mmr
TCGA-COADREAD,OX3,M1(cc:side),365,85,0.9227023704128436,0.7368769500106178,1.1553891926640028,0.48321610133427795,7,12.142857142857142,age;male;stg_II;stg_III;stg_IV;stg_Unknown,,367,M1 限定于 side 的同批完整病例
TCGA-COADREAD,OX3,M1+side,365,85,0.8955979893316431,0.710333435098532,1.1291820416472744,0.35107993254657155,8,10.625,age;male;stg_II;stg_III;stg_IV;stg_Unknown;site_rectum,,367,M1 + side
TCGA-COADREAD,OX3,M1(cc:chemo+mmr+side),216,33,0.9220186606342056,0.6274541059291646,1.3548694677817075,0.6792877845359856,7,4.714285714285714,age;male;stg_II;stg_III;stg_IV;stg_Unknown,,367,M1 限定于 chemo+mmr+side 的同批完整病例
TCGA-COADREAD,OX3,M1+chemo+mmr+side,216,33,0.8871421186255554,0.5980637000875627,1.3159486832660316,0.5516864347892183,10,3.3,age;male;stg_II;stg_III;stg_IV;stg_Unknown;chemo;mmr;site_rectum,,367,M1 + chemo+mmr+side
TCGA-COADREAD,OX4,M1,367,85,0.9386205497868044,0.7525030979732648,1.170770643808544,0.5742811235426482,7,12.142857142857142,age;male;stg_II;stg_III;stg_IV;stg_Unknown,,367,主模型（本文口径）
TCGA-COADREAD,OX4,M1(cc:chemo),309,62,0.9478338111644518,0.736326986621061,1.2200950799170847,0.6775108920865605,7,8.857142857142858,age;male;stg_II;stg_III;stg_IV;stg_Unknown,,367,M1 限定于 chemo 的同批完整病例
TCGA-COADREAD,OX4,M1+chemo,309,62,1.0301997482826233,0.7928873416716951,1.3385401249109987,0.8237529229618478,8,7.75,age;male;stg_II;stg_III;stg_IV;stg_Unknown;chemo,,367,M1 + chemo
TCGA-COADREAD,OX4,M1(cc:mmr),232,35,1.0370824402906902,0.7075378387402119,1.520116563482057,0.851945976809065,7,5.0,age;male;stg_II;stg_III;stg_IV;stg_Unknown,,367,M1 限定于 mmr 的同批完整病例
TCGA-COADREAD,OX4,M1+mmr,232,35,1.0333675192913363,0.7050715374631868,1.5145249427716188,0.866359268661931,8,4.375,age;male;stg_II;stg_III;stg_IV;stg_Unknown;mmr,,367,M1 + mmr
TCGA-COADREAD,OX4,M1(cc:side),365,85,0.9321736683999975,0.7477651637229781,1.1620596815877138,0.5322942847731935,7,12.142857142857142,age;male;stg_II;stg_III;stg_IV;stg_Unknown,,367,M1 限定于 side 的同批完整病例
TCGA-COADREAD,OX4,M1+side,365,85,0.9177609497690775,0.7342856010888231,1.147081135285876,0.45076981079375256,8,10.625,age;male;stg_II;stg_III;stg_IV;stg_Unknown;site_rectum,,367,M1 + side
TCGA-COADREAD,OX4,M1(cc:chemo+mmr+side),216,33,0.9967499666480253,0.6754869440236198,1.4708063639170788,0.986916022748452,7,4.714285714285714,age;male;stg_II;stg_III;stg_IV;stg_Unknown,,367,M1 限定于 chemo+mmr+side 的同批完整病例
TCGA-COADREAD,OX4,M1+chemo+mmr+side,216,33,0.9797578337899423,0.6600948695527004,1.454223411133666,0.9191608082207074,10,3.3,age;male;stg_II;stg_III;stg_IV;stg_Unknown;chemo;mmr;site_rectum,,367,M1 + chemo+mmr+side
TCGA-COADREAD,OX5,M1,367,85,0.9261961876465455,0.743008597064731,1.1545483879996883,0.4953228479834215,7,12.142857142857142,age;male;stg_II;stg_III;stg_IV;stg_Unknown,,367,主模型（本文口径）
TCGA-COADREAD,OX5,M1(cc:chemo),309,62,0.9203729355529003,0.7145198950403737,1.1855321963433907,0.5206252513102412,7,8.857142857142858,age;male;stg_II;stg_III;stg_IV;stg_Unknown,,367,M1 限定于 chemo 的同批完整病例
TCGA-COADREAD,OX5,M1+chemo,309,62,0.9438261320450116,0.7329265480440263,1.2154120626526106,0.6541121393062564,8,7.75,age;male;stg_II;stg_III;stg_IV;stg_Unknown;chemo,,367,M1 + chemo
TCGA-COADREAD,OX5,M1(cc:mmr),232,35,0.9426291205621482,0.658040159767924,1.3502970080809968,0.7473045532683356,7,5.0,age;male;stg_II;stg_III;stg_IV;stg_Unknown,,367,M1 限定于 mmr 的同批完整病例
TCGA-COADREAD,OX5,M1+mmr,232,35,0.9361100559399467,0.650012631015263,1.3481307824175397,0.7227579315076472,8,4.375,age;male;stg_II;stg_III;stg_IV;stg_Unknown;mmr,,367,M1 + mmr
TCGA-COADREAD,OX5,M1(cc:side),365,85,0.9115064625680267,0.7303376744722374,1.1376162840068038,0.41247752560653894,7,12.142857142857142,age;male;stg_II;stg_III;stg_IV;stg_Unknown,,367,M1 限定于 side 的同批完整病例
TCGA-COADREAD,OX5,M1+side,365,85,0.9081203022718922,0.7281600791728922,1.1325565723613127,0.39238474943724266,8,10.625,age;male;stg_II;stg_III;stg_IV;stg_Unknown;site_rectum,,367,M1 + side
TCGA-COADREAD,OX5,M1(cc:chemo+mmr+side),216,33,0.9215880389185135,0.6357963900202935,1.335843560625694,0.6663725500895635,7,4.714285714285714,age;male;stg_II;stg_III;stg_IV;stg_Unknown,,367,M1 限定于 chemo+mmr+side 的同批完整病例
TCGA-COADREAD,OX5,M1+chemo+mmr+side,216,33,0.8926365995668465,0.6249257553770513,1.2750316210051391,0.5324080759776967,10,3.3,age;male;stg_II;stg_III;stg_IV;stg_Unknown;chemo;mmr;site_rectum,,367,M1 + chemo+mmr+side
TCGA-COADREAD,OX5_noNRF2,M1,367,85,0.9508748489965523,0.762522359708342,1.1857527414672144,0.6547004310519275,7,12.142857142857142,age;male;stg_II;stg_III;stg_IV;stg_Unknown,,367,主模型（本文口径）
TCGA-COADREAD,OX5_noNRF2,M1(cc:chemo),309,62,0.9228595048370297,0.7156692788101092,1.1900324505811628,0.5360296039713406,7,8.857142857142858,age;male;stg_II;stg_III;stg_IV;stg_Unknown,,367,M1 限定于 chemo 的同批完整病例
TCGA-COADREAD,OX5_noNRF2,M1+chemo,309,62,0.9295094621083785,0.7225594589417296,1.1957325164830246,0.5694552194314491,8,7.75,age;male;stg_II;stg_III;stg_IV;stg_Unknown;chemo,,367,M1 + chemo
TCGA-COADREAD,OX5_noNRF2,M1(cc:mmr),232,35,0.9462671674647697,0.666996785351698,1.3424675678903837,0.7569303007526431,7,5.0,age;male;stg_II;stg_III;stg_IV;stg_Unknown,,367,M1 限定于 mmr 的同批完整病例
TCGA-COADREAD,OX5_noNRF2,M1+mmr,232,35,0.9284181424013228,0.6508154619480973,1.3244311137903857,0.6819762362307682,8,4.375,age;male;stg_II;stg_III;stg_IV;stg_Unknown;mmr,,367,M1 + mmr
TCGA-COADREAD,OX5_noNRF2,M1(cc:side),365,85,0.9380724405180809,0.7517143605093045,1.170630694168648,0.5715646675864285,7,12.142857142857142,age;male;stg_II;stg_III;stg_IV;stg_Unknown,,367,M1 限定于 side 的同批完整病例
TCGA-COADREAD,OX5_noNRF2,M1+side,365,85,0.9293879338926415,0.7440338789144805,1.160917474518004,0.5187736424254477,8,10.625,age;male;stg_II;stg_III;stg_IV;stg_Unknown;site_rectum,,367,M1 + side
TCGA-COADREAD,OX5_noNRF2,M1(cc:chemo+mmr+side),216,33,0.9198218827394118,0.643705956726884,1.314376987077119,0.646294725046181,7,4.714285714285714,age;male;stg_II;stg_III;stg_IV;stg_Unknown,,367,M1 限定于 chemo+mmr+side 的同批完整病例
TCGA-COADREAD,OX5_noNRF2,M1+chemo+mmr+side,216,33,0.8717442196379369,0.6136927571118445,1.2383036554783033,0.44341211097177713,10,3.3,age;male;stg_II;stg_III;stg_IV;stg_Unknown;chemo;mmr;site_rectum,,367,M1 + chemo+mmr+side
TCGA-COADREAD,OX6,M1,367,85,0.9235763133479243,0.7415227053750596,1.150326484130924,0.4778681793696079,7,12.142857142857142,age;male;stg_II;stg_III;stg_IV;stg_Unknown,,367,主模型（本文口径）
TCGA-COADREAD,OX6,M1(cc:chemo),309,62,0.9719400078608763,0.7493066871211345,1.260721938182681,0.8302121275703052,7,8.857142857142858,age;male;stg_II;stg_III;stg_IV;stg_Unknown,,367,M1 限定于 chemo 的同批完整病例
TCGA-COADREAD,OX6,M1+chemo,309,62,1.0742251580735438,0.819607059874558,1.4079425943631398,0.6039471936270469,8,7.75,age;male;stg_II;stg_III;stg_IV;stg_Unknown;chemo,,367,M1 + chemo
TCGA-COADREAD,OX6,M1(cc:mmr),232,35,1.0316837241270695,0.7056954618339046,1.5082586812485612,0.8721067849375728,7,5.0,age;male;stg_II;stg_III;stg_IV;stg_Unknown,,367,M1 限定于 mmr 的同批完整病例
TCGA-COADREAD,OX6,M1+mmr,232,35,1.03454688330093,0.7039234605980859,1.5204597000337257,0.8627457406760295,8,4.375,age;male;stg_II;stg_III;stg_IV;stg_Unknown;mmr,,367,M1 + mmr
TCGA-COADREAD,OX6,M1(cc:side),365,85,0.9153832394842323,0.7352342033397473,1.1396728706613866,0.4291180453584914,7,12.142857142857142,age;male;stg_II;stg_III;stg_IV;stg_Unknown,,367,M1 限定于 side 的同批完整病例
TCGA-COADREAD,OX6,M1+side,365,85,0.9101002387831797,0.7315017978493468,1.1323040450049393,0.39802108538261094,8,10.625,age;male;stg_II;stg_III;stg_IV;stg_Unknown;site_rectum,,367,M1 + side
TCGA-COADREAD,OX6,M1(cc:chemo+mmr+side),216,33,1.006073459450376,0.6851715731051754,1.4772705779710957,0.9753538587849734,7,4.714285714285714,age;male;stg_II;stg_III;stg_IV;stg_Unknown,,367,M1 限定于 chemo+mmr+side 的同批完整病例
TCGA-COADREAD,OX6,M1+chemo+mmr+side,216,33,0.9937813544665336,0.681462782791805,1.4492374424900352,0.9741474656648372,10,3.3,age;male;stg_II;stg_III;stg_IV;stg_Unknown;chemo;mmr;site_rectum,,367,M1 + chemo+mmr+side
GSE17538,OX3,M1,232,93,1.1307494346319589,0.9124851000895707,1.401222095347076,0.2614407310628104,6,15.5,age;male;stg_II;stg_III;stg_IV,,232,主模型（本文口径）
GSE17538,OX4,M1,232,93,1.1748763799811854,0.935298975513583,1.475821683093086,0.16602356023207143,6,15.5,age;male;stg_II;stg_III;stg_IV,,232,主模型（本文口径）
GSE17538,OX5,M1,232,93,1.005679862029632,0.8195321879826115,1.2341089218003956,0.9567490384093149,6,15.5,age;male;stg_II;stg_III;stg_IV,,232,主模型（本文口径）
GSE17538,OX5_noNRF2,M1,232,93,1.0273212011889885,0.8384120238201911,1.2587949843604922,0.7948711649342521,6,15.5,age;male;stg_II;stg_III;stg_IV,,232,主模型（本文口径）
GSE17538,OX6,M1,232,93,1.1656701578894628,0.9273394393817477,1.4652530231000866,0.1889912981364305,6,15.5,age;male;stg_II;stg_III;stg_IV,,232,主模型（本文口径）
