HR,lo95,hi95,p,n,events,parameters,iter,score_residual_norm,warning,ph_global,cohort,score,endpoint,variant,model,events_per_parameter,inference_status,endpoint_label
0.869609917766602,0.70265022067892,1.07624161613064,0.198982127355585,342,82,1,3,2.7600838281571797e-13,,,TCGA-COADREAD,OX3,recurrence_diagnostic,V0_old,M0,82.0,Diagnostic specification; endpoint assumptions remain,new tumour event construction; excluded from manuscript inference
0.947825180920559,0.758441397496336,1.18449833639445,0.63752211774657,342,82,7,5,3.56593333701485e-11,,,TCGA-COADREAD,OX3,recurrence_diagnostic,V0_old,M1,11.714285714285714,Diagnostic specification; endpoint assumptions remain,new tumour event construction; excluded from manuscript inference
0.982577805950099,0.723598711173819,1.33424663399351,0.910351059113363,342,82,15,5,4.07905814042761e-11,,,TCGA-COADREAD,OX3,recurrence_diagnostic,V0_old,M2,5.466666666666667,Diagnostic specification; endpoint assumptions remain,new tumour event construction; excluded from manuscript inference
0.885324170789508,0.718322484528384,1.09115182145347,0.253437911242666,342,82,1,3,6.144390551909851e-15,,,TCGA-COADREAD,OX4,recurrence_diagnostic,V0_old,M0,82.0,Diagnostic specification; endpoint assumptions remain,new tumour event construction; excluded from manuscript inference
0.983089303626166,0.787063016740497,1.22793799015821,0.880519637363823,342,82,7,5,3.13614579179146e-11,,,TCGA-COADREAD,OX4,recurrence_diagnostic,V0_old,M1,11.714285714285714,Diagnostic specification; endpoint assumptions remain,new tumour event construction; excluded from manuscript inference
1.09108572777467,0.820053735520043,1.45169519238718,0.549624062100932,342,82,15,5,3.05270601445529e-11,,,TCGA-COADREAD,OX4,recurrence_diagnostic,V0_old,M2,5.466666666666667,Diagnostic specification; endpoint assumptions remain,new tumour event construction; excluded from manuscript inference
0.931974371500249,0.755714582259185,1.14934427563473,0.510123657431796,342,82,1,3,3.96471050434499e-15,,,TCGA-COADREAD,OX5,recurrence_diagnostic,V0_old,M0,82.0,Diagnostic specification; endpoint assumptions remain,new tumour event construction; excluded from manuscript inference
0.957110745165221,0.772920160446149,1.18519483044918,0.687709869004221,342,82,7,5,3.35906757689782e-11,,,TCGA-COADREAD,OX5,recurrence_diagnostic,V0_old,M1,11.714285714285714,Diagnostic specification; endpoint assumptions remain,new tumour event construction; excluded from manuscript inference
0.986850931188561,0.764853091663787,1.27328342004771,0.918914138627416,342,82,15,5,3.6753316171832895e-11,,,TCGA-COADREAD,OX5,recurrence_diagnostic,V0_old,M2,5.466666666666667,Diagnostic specification; endpoint assumptions remain,new tumour event construction; excluded from manuscript inference
0.920493784951629,0.745265982239671,1.13692135200945,0.441937561307599,342,82,1,2,2.22788167298163e-09,,,TCGA-COADREAD,OX5_noNRF2,recurrence_diagnostic,V0_old,M0,82.0,Diagnostic specification; endpoint assumptions remain,new tumour event construction; excluded from manuscript inference
0.945177583179551,0.761935174539313,1.17248906940841,0.608112809320584,342,82,7,5,3.0670610991908196e-11,,,TCGA-COADREAD,OX5_noNRF2,recurrence_diagnostic,V0_old,M1,11.714285714285714,Diagnostic specification; endpoint assumptions remain,new tumour event construction; excluded from manuscript inference
0.948754808503513,0.727972972856957,1.23649602419431,0.69710067479578,342,82,15,5,2.95631635259696e-11,,,TCGA-COADREAD,OX5_noNRF2,recurrence_diagnostic,V0_old,M2,5.466666666666667,Diagnostic specification; endpoint assumptions remain,new tumour event construction; excluded from manuscript inference
0.889134920060804,0.721060267520638,1.09638672616073,0.271687455425763,342,82,1,3,5.71240971192211e-13,,,TCGA-COADREAD,OX6,recurrence_diagnostic,V0_old,M0,82.0,Diagnostic specification; endpoint assumptions remain,new tumour event construction; excluded from manuscript inference
0.974158536517737,0.778823171590983,1.21848564460632,0.818638552931931,342,82,7,5,4.3829704701093293e-11,,,TCGA-COADREAD,OX6,recurrence_diagnostic,V0_old,M1,11.714285714285714,Diagnostic specification; endpoint assumptions remain,new tumour event construction; excluded from manuscript inference
1.10245503387907,0.808801848828252,1.50272542463411,0.537098715022356,342,82,15,5,3.16061783534153e-11,,,TCGA-COADREAD,OX6,recurrence_diagnostic,V0_old,M2,5.466666666666667,Diagnostic specification; endpoint assumptions remain,new tumour event construction; excluded from manuscript inference
0.854529509772366,0.688826482294922,1.06009379987681,0.152901492863582,335,80,1,3,7.93677623622813e-13,,,TCGA-COADREAD,OX3,recurrence_diagnostic,V1_drop_timeLe0,M0,80.0,Diagnostic specification; endpoint assumptions remain,new tumour event construction; excluded from manuscript inference
0.921477037425836,0.735463345903263,1.15453738820967,0.477176192063196,335,80,7,5,8.610104195908209e-12,,,TCGA-COADREAD,OX3,recurrence_diagnostic,V1_drop_timeLe0,M1,11.428571428571429,Diagnostic specification; endpoint assumptions remain,new tumour event construction; excluded from manuscript inference
0.951328717019439,0.698630995996932,1.2954282489777,0.751430378269667,335,80,15,5,2.94335353112158e-12,,,TCGA-COADREAD,OX3,recurrence_diagnostic,V1_drop_timeLe0,M2,5.333333333333333,Diagnostic specification; endpoint assumptions remain,new tumour event construction; excluded from manuscript inference
0.864497808178598,0.699966458988635,1.06770324598901,0.176444715373996,335,80,1,3,9.72555369571637e-14,,,TCGA-COADREAD,OX4,recurrence_diagnostic,V1_drop_timeLe0,M0,80.0,Diagnostic specification; endpoint assumptions remain,new tumour event construction; excluded from manuscript inference
0.947244001911412,0.756306450007904,1.18638575559916,0.637005183576798,335,80,7,5,1.64861145579502e-12,,,TCGA-COADREAD,OX4,recurrence_diagnostic,V1_drop_timeLe0,M1,11.428571428571429,Diagnostic specification; endpoint assumptions remain,new tumour event construction; excluded from manuscript inference
1.04156800005222,0.780037021920461,1.39078513999481,0.782492228289142,335,80,15,5,5.35494543370595e-12,,,TCGA-COADREAD,OX4,recurrence_diagnostic,V1_drop_timeLe0,M2,5.333333333333333,Diagnostic specification; endpoint assumptions remain,new tumour event construction; excluded from manuscript inference
0.928859640873424,0.75130117133984,1.14838132210663,0.495376956463882,335,80,1,3,1.3036446921965701e-15,,,TCGA-COADREAD,OX5,recurrence_diagnostic,V1_drop_timeLe0,M0,80.0,Diagnostic specification; endpoint assumptions remain,new tumour event construction; excluded from manuscript inference
0.947563913100315,0.763302371447259,1.176306275202,0.625418121137152,335,80,7,5,2.06517636751683e-12,,,TCGA-COADREAD,OX5,recurrence_diagnostic,V1_drop_timeLe0,M1,11.428571428571429,Diagnostic specification; endpoint assumptions remain,new tumour event construction; excluded from manuscript inference
0.990154604460675,0.766348628294806,1.27932132261549,0.939669914452963,335,80,15,5,4.8538546533584795e-12,,,TCGA-COADREAD,OX5,recurrence_diagnostic,V1_drop_timeLe0,M2,5.333333333333333,Diagnostic specification; endpoint assumptions remain,new tumour event construction; excluded from manuscript inference
0.912396048859919,0.736769742805134,1.12988699400943,0.400644225442737,335,80,1,2,2.1517906146142903e-09,,,TCGA-COADREAD,OX5_noNRF2,recurrence_diagnostic,V1_drop_timeLe0,M0,80.0,Diagnostic specification; endpoint assumptions remain,new tumour event construction; excluded from manuscript inference
0.930966431973192,0.748566815032346,1.15781047203307,0.52026603926468,335,80,7,5,9.3121836394477e-13,,,TCGA-COADREAD,OX5_noNRF2,recurrence_diagnostic,V1_drop_timeLe0,M1,11.428571428571429,Diagnostic specification; endpoint assumptions remain,new tumour event construction; excluded from manuscript inference
0.943752433212888,0.722429412390252,1.23287983562069,0.671146878216679,335,80,15,5,4.47157956516009e-13,,,TCGA-COADREAD,OX5_noNRF2,recurrence_diagnostic,V1_drop_timeLe0,M2,5.333333333333333,Diagnostic specification; endpoint assumptions remain,new tumour event construction; excluded from manuscript inference
0.868701236580198,0.703089737799752,1.07332222028662,0.192134450260327,335,80,1,3,2.80662732637937e-12,,,TCGA-COADREAD,OX6,recurrence_diagnostic,V1_drop_timeLe0,M0,80.0,Diagnostic specification; endpoint assumptions remain,new tumour event construction; excluded from manuscript inference
0.935420217984271,0.745807572405991,1.17323960843001,0.563524227079844,335,80,7,5,1.24632908312705e-11,,,TCGA-COADREAD,OX6,recurrence_diagnostic,V1_drop_timeLe0,M1,11.428571428571429,Diagnostic specification; endpoint assumptions remain,new tumour event construction; excluded from manuscript inference
1.03764925932145,0.759489446697788,1.41768393234671,0.816447069597739,335,80,15,5,1.0759420086714001e-11,,,TCGA-COADREAD,OX6,recurrence_diagnostic,V1_drop_timeLe0,M2,5.333333333333333,Diagnostic specification; endpoint assumptions remain,new tumour event construction; excluded from manuscript inference
0.94817080122998,0.739360929992403,1.21595263130057,0.674966701977729,290,61,1,3,5.64305546735255e-15,,,TCGA-COADREAD,OX3,recurrence_diagnostic,V2_drop_timeLe0_noIV,M0,61.0,Diagnostic specification; endpoint assumptions remain,new tumour event construction; excluded from manuscript inference
0.955065650744193,0.739814855727047,1.2329441483505,0.724204263153532,290,61,6,4,1.38139145155581e-07,,,TCGA-COADREAD,OX3,recurrence_diagnostic,V2_drop_timeLe0_noIV,M1,10.166666666666666,Diagnostic specification; endpoint assumptions remain,new tumour event construction; excluded from manuscript inference
1.00850753832067,0.714386405876129,1.42372173726103,0.961592808683965,290,61,14,4,4.74836541643144e-08,,,TCGA-COADREAD,OX3,recurrence_diagnostic,V2_drop_timeLe0_noIV,M2,4.357142857142857,Diagnostic specification; endpoint assumptions remain,new tumour event construction; excluded from manuscript inference
0.964385341225912,0.755939780802448,1.23030843195494,0.77039258345669,290,61,1,3,5.361162902506321e-15,,,TCGA-COADREAD,OX4,recurrence_diagnostic,V2_drop_timeLe0_noIV,M0,61.0,Diagnostic specification; endpoint assumptions remain,new tumour event construction; excluded from manuscript inference
0.975036496962943,0.75749861358176,1.25504674644154,0.844399965018088,290,61,6,4,1.47740701682471e-07,,,TCGA-COADREAD,OX4,recurrence_diagnostic,V2_drop_timeLe0_noIV,M1,10.166666666666666,Diagnostic specification; endpoint assumptions remain,new tumour event construction; excluded from manuscript inference
1.09749781889093,0.788684824651854,1.52722789233589,0.581055163100285,290,61,14,4,4.00085734661632e-08,,,TCGA-COADREAD,OX4,recurrence_diagnostic,V2_drop_timeLe0_noIV,M2,4.357142857142857,Diagnostic specification; endpoint assumptions remain,new tumour event construction; excluded from manuscript inference
0.983071827279921,0.769651495841207,1.25567249958399,0.891248263180992,290,61,1,2,7.658118268000221e-09,,,TCGA-COADREAD,OX5,recurrence_diagnostic,V2_drop_timeLe0_noIV,M0,61.0,Diagnostic specification; endpoint assumptions remain,new tumour event construction; excluded from manuscript inference
0.973454236930003,0.758560347231196,1.24922579311697,0.832567009145788,290,61,6,4,1.38049178048989e-07,,,TCGA-COADREAD,OX5,recurrence_diagnostic,V2_drop_timeLe0_noIV,M1,10.166666666666666,Diagnostic specification; endpoint assumptions remain,new tumour event construction; excluded from manuscript inference
1.07270505654183,0.786288237693891,1.46345332813993,0.65787143372521,290,61,14,4,4.44860129940917e-08,,,TCGA-COADREAD,OX5,recurrence_diagnostic,V2_drop_timeLe0_noIV,M2,4.357142857142857,Diagnostic specification; endpoint assumptions remain,new tumour event construction; excluded from manuscript inference
0.967146790054659,0.758209331365939,1.23366051407983,0.787928195580485,290,61,1,2,5.77469591242497e-11,,,TCGA-COADREAD,OX5_noNRF2,recurrence_diagnostic,V2_drop_timeLe0_noIV,M0,61.0,Diagnostic specification; endpoint assumptions remain,new tumour event construction; excluded from manuscript inference
0.95482542207896,0.746005747224978,1.22209726941061,0.713531552870876,290,61,6,4,1.38677793705774e-07,,,TCGA-COADREAD,OX5_noNRF2,recurrence_diagnostic,V2_drop_timeLe0_noIV,M1,10.166666666666666,Diagnostic specification; endpoint assumptions remain,new tumour event construction; excluded from manuscript inference
1.00396673819969,0.730069614548883,1.38062068510295,0.980568420699141,290,61,14,4,4.86116685334218e-08,,,TCGA-COADREAD,OX5_noNRF2,recurrence_diagnostic,V2_drop_timeLe0_noIV,M2,4.357142857142857,Diagnostic specification; endpoint assumptions remain,new tumour event construction; excluded from manuscript inference
0.98498223022816,0.768923327900521,1.26175128086471,0.904669764387563,290,61,1,2,4.24175023924778e-09,,,TCGA-COADREAD,OX6,recurrence_diagnostic,V2_drop_timeLe0_noIV,M0,61.0,Diagnostic specification; endpoint assumptions remain,new tumour event construction; excluded from manuscript inference
0.971781609301884,0.753845339412776,1.25272313404894,0.825151397414152,290,61,6,4,1.45277988880567e-07,,,TCGA-COADREAD,OX6,recurrence_diagnostic,V2_drop_timeLe0_noIV,M1,10.166666666666666,Diagnostic specification; endpoint assumptions remain,new tumour event construction; excluded from manuscript inference
1.11545484385355,0.784515393076178,1.58599757207762,0.542879093282707,290,61,14,4,4.10157203638755e-08,,,TCGA-COADREAD,OX6,recurrence_diagnostic,V2_drop_timeLe0_noIV,M2,4.357142857142857,Diagnostic specification; endpoint assumptions remain,new tumour event construction; excluded from manuscript inference
0.977753517744042,0.756424064388835,1.26384390247191,0.8635910590464,273,58,1,2,7.82404426837024e-09,,,TCGA-COADREAD,OX3,recurrence_diagnostic,V2b_primary,M0,58.0,Diagnostic specification; endpoint assumptions remain,new tumour event construction; excluded from manuscript inference
0.986759104836073,0.758043887549686,1.2844817390775,0.921077325349258,273,58,5,4,9.98431732131352e-08,,,TCGA-COADREAD,OX3,recurrence_diagnostic,V2b_primary,M1,11.6,Diagnostic specification; endpoint assumptions remain,new tumour event construction; excluded from manuscript inference
1.04832170361461,0.738838179509904,1.48744126216978,0.791500565954457,273,58,13,4,2.3716696655008e-08,,,TCGA-COADREAD,OX3,recurrence_diagnostic,V2b_primary,M2,4.461538461538462,Diagnostic specification; endpoint assumptions remain,new tumour event construction; excluded from manuscript inference
0.992869684187545,0.772894796165111,1.27545199510967,0.955342885121629,273,58,1,2,7.2701057630617e-11,,,TCGA-COADREAD,OX4,recurrence_diagnostic,V2b_primary,M0,58.0,Diagnostic specification; endpoint assumptions remain,new tumour event construction; excluded from manuscript inference
1.00682739209867,0.77710327945868,1.30446161311576,0.958932702682213,273,58,5,4,1.01344430734589e-07,,,TCGA-COADREAD,OX4,recurrence_diagnostic,V2b_primary,M1,11.6,Diagnostic specification; endpoint assumptions remain,new tumour event construction; excluded from manuscript inference
1.15821626411743,0.828255303468581,1.6196273164184,0.390593690938469,273,58,13,4,2.80276423914288e-08,,,TCGA-COADREAD,OX4,recurrence_diagnostic,V2b_primary,M2,4.461538461538462,Diagnostic specification; endpoint assumptions remain,new tumour event construction; excluded from manuscript inference
1.0346077178144,0.803054583427686,1.33292699132888,0.792397830836886,273,58,1,3,2.6367796834847497e-16,,,TCGA-COADREAD,OX5,recurrence_diagnostic,V2b_primary,M0,58.0,Diagnostic specification; endpoint assumptions remain,new tumour event construction; excluded from manuscript inference
1.02926173286047,0.795021265913173,1.33251745601311,0.826719801601117,273,58,5,4,9.78560777697557e-08,,,TCGA-COADREAD,OX5,recurrence_diagnostic,V2b_primary,M1,11.6,Diagnostic specification; endpoint assumptions remain,new tumour event construction; excluded from manuscript inference
1.14859796512816,0.834046555961004,1.58177894994896,0.396141242544172,273,58,13,4,3.41540412114049e-08,,,TCGA-COADREAD,OX5,recurrence_diagnostic,V2b_primary,M2,4.461538461538462,Diagnostic specification; endpoint assumptions remain,new tumour event construction; excluded from manuscript inference
0.999661572887621,0.776799221151795,1.28646274751204,0.997901441132426,273,58,1,2,7.388187284185221e-15,,,TCGA-COADREAD,OX5_noNRF2,recurrence_diagnostic,V2b_primary,M0,58.0,Diagnostic specification; endpoint assumptions remain,new tumour event construction; excluded from manuscript inference
0.987034315892218,0.763824667077859,1.2754716923138,0.920524552840121,273,58,5,4,9.88557848791411e-08,,,TCGA-COADREAD,OX5_noNRF2,recurrence_diagnostic,V2b_primary,M1,11.6,Diagnostic specification; endpoint assumptions remain,new tumour event construction; excluded from manuscript inference
1.04203271983497,0.749725889115004,1.44830558070817,0.806364391707361,273,58,13,4,2.59000642033647e-08,,,TCGA-COADREAD,OX5_noNRF2,recurrence_diagnostic,V2b_primary,M2,4.461538461538462,Diagnostic specification; endpoint assumptions remain,new tumour event construction; excluded from manuscript inference
1.0296739410132,0.798330072648481,1.32805773091363,0.82180597649282,273,58,1,2,5.63962826130755e-08,,,TCGA-COADREAD,OX6,recurrence_diagnostic,V2b_primary,M0,58.0,Diagnostic specification; endpoint assumptions remain,new tumour event construction; excluded from manuscript inference
1.01886892672837,0.785215941146659,1.3220489236842,0.88814654133918,273,58,5,4,1.00686698677122e-07,,,TCGA-COADREAD,OX6,recurrence_diagnostic,V2b_primary,M1,11.6,Diagnostic specification; endpoint assumptions remain,new tumour event construction; excluded from manuscript inference
1.17903555220369,0.825436297078659,1.68410916539545,0.365270647895079,273,58,13,4,5.45140807793803e-08,,,TCGA-COADREAD,OX6,recurrence_diagnostic,V2b_primary,M2,4.461538461538462,Diagnostic specification; endpoint assumptions remain,new tumour event construction; excluded from manuscript inference
0.97326345124801,0.745488379037981,1.27063247687048,0.842088143947395,229,54,1,2,1.0766103286652399e-11,,,TCGA-COADREAD,OX3,recurrence_diagnostic,V3_src_stageII_III,M0,54.0,Diagnostic specification; endpoint assumptions remain,new tumour event construction; excluded from manuscript inference
0.955351369522167,0.724723809366784,1.25937112518124,0.74592166098297,229,54,4,3,2.7407401359288e-08,,,TCGA-COADREAD,OX3,recurrence_diagnostic,V3_src_stageII_III,M1,13.5,Diagnostic specification; endpoint assumptions remain,new tumour event construction; excluded from manuscript inference
0.991215321316224,0.686778574068336,1.43060347295322,0.962407895613524,229,54,12,4,1.5190266631903898e-11,,,TCGA-COADREAD,OX3,recurrence_diagnostic,V3_src_stageII_III,M2,4.5,Diagnostic specification; endpoint assumptions remain,new tumour event construction; excluded from manuscript inference
0.978352697325247,0.749841066026845,1.27650250663828,0.87189664971253,229,54,1,2,8.66285689016255e-12,,,TCGA-COADREAD,OX4,recurrence_diagnostic,V3_src_stageII_III,M0,54.0,Diagnostic specification; endpoint assumptions remain,new tumour event construction; excluded from manuscript inference
0.946610391112152,0.719560860278012,1.24530290907609,0.694966443351205,229,54,4,3,1.28390311896513e-08,,,TCGA-COADREAD,OX4,recurrence_diagnostic,V3_src_stageII_III,M1,13.5,Diagnostic specification; endpoint assumptions remain,new tumour event construction; excluded from manuscript inference
1.05900306568257,0.74463270426211,1.50609486624203,0.749701878449527,229,54,12,4,3.6676734804867795e-11,,,TCGA-COADREAD,OX4,recurrence_diagnostic,V3_src_stageII_III,M2,4.5,Diagnostic specification; endpoint assumptions remain,new tumour event construction; excluded from manuscript inference
1.04402378003183,0.801446203901525,1.36002347751576,0.749468972735749,229,54,1,3,2.64892274781658e-15,,,TCGA-COADREAD,OX5,recurrence_diagnostic,V3_src_stageII_III,M0,54.0,Diagnostic specification; endpoint assumptions remain,new tumour event construction; excluded from manuscript inference
1.01318298037445,0.774425870687841,1.32554940450101,0.923901124360356,229,54,4,3,1.20439343662278e-07,,,TCGA-COADREAD,OX5,recurrence_diagnostic,V3_src_stageII_III,M1,13.5,Diagnostic specification; endpoint assumptions remain,new tumour event construction; excluded from manuscript inference
1.13638084027921,0.807660065744262,1.59889224306724,0.463046948903647,229,54,12,4,1.3704113064161799e-11,,,TCGA-COADREAD,OX5,recurrence_diagnostic,V3_src_stageII_III,M2,4.5,Diagnostic specification; endpoint assumptions remain,new tumour event construction; excluded from manuscript inference
0.992530344820952,0.765230275214339,1.28734645935757,0.954941524634233,229,54,1,2,2.3005035376666402e-14,,,TCGA-COADREAD,OX5_noNRF2,recurrence_diagnostic,V3_src_stageII_III,M0,54.0,Diagnostic specification; endpoint assumptions remain,new tumour event construction; excluded from manuscript inference
0.964744816965436,0.73894733555122,1.25953842321847,0.791912331585472,229,54,4,3,3.32773584703935e-08,,,TCGA-COADREAD,OX5_noNRF2,recurrence_diagnostic,V3_src_stageII_III,M1,13.5,Diagnostic specification; endpoint assumptions remain,new tumour event construction; excluded from manuscript inference
1.00943989479778,0.711702995217547,1.43173333266342,0.957977920989963,229,54,12,4,1.0897334436638e-11,,,TCGA-COADREAD,OX5_noNRF2,recurrence_diagnostic,V3_src_stageII_III,M2,4.5,Diagnostic specification; endpoint assumptions remain,new tumour event construction; excluded from manuscript inference
1.0315121228185,0.79380293178986,1.34040479936548,0.81642526746025,229,54,1,2,1.1112523292181e-08,,,TCGA-COADREAD,OX6,recurrence_diagnostic,V3_src_stageII_III,M0,54.0,Diagnostic specification; endpoint assumptions remain,new tumour event construction; excluded from manuscript inference
0.973674703517593,0.742481740137067,1.27685622018806,0.847046519368392,229,54,4,3,1.78360216377112e-08,,,TCGA-COADREAD,OX6,recurrence_diagnostic,V3_src_stageII_III,M1,13.5,Diagnostic specification; endpoint assumptions remain,new tumour event construction; excluded from manuscript inference
1.09842820277912,0.75383303825432,1.60054608306186,0.625009620372581,229,54,12,4,2.11563894103504e-10,,,TCGA-COADREAD,OX6,recurrence_diagnostic,V3_src_stageII_III,M2,4.5,Diagnostic specification; endpoint assumptions remain,new tumour event construction; excluded from manuscript inference
0.97326345124801,0.745488379037981,1.27063247687048,0.842088143947395,224,54,1,2,1.0767151059631898e-11,,,TCGA-COADREAD,OX3,recurrence_diagnostic,V4_src_stageII_III_timeGt0,M0,54.0,Diagnostic specification; endpoint assumptions remain,new tumour event construction; excluded from manuscript inference
0.955351369522167,0.724723809366784,1.25937112518124,0.74592166098297,224,54,4,3,2.74109986206616e-08,,,TCGA-COADREAD,OX3,recurrence_diagnostic,V4_src_stageII_III_timeGt0,M1,13.5,Diagnostic specification; endpoint assumptions remain,new tumour event construction; excluded from manuscript inference
0.991215321316224,0.686778574068336,1.43060347295323,0.962407895613524,224,54,12,4,1.58951852428597e-11,,,TCGA-COADREAD,OX3,recurrence_diagnostic,V4_src_stageII_III_timeGt0,M2,4.5,Diagnostic specification; endpoint assumptions remain,new tumour event construction; excluded from manuscript inference
0.978352697325247,0.749841066026845,1.27650250663828,0.87189664971253,224,54,1,2,8.66778177011085e-12,,,TCGA-COADREAD,OX4,recurrence_diagnostic,V4_src_stageII_III_timeGt0,M0,54.0,Diagnostic specification; endpoint assumptions remain,new tumour event construction; excluded from manuscript inference
0.946610391112152,0.719560860278012,1.24530290907609,0.694966443351206,224,54,4,3,1.28375019084717e-08,,,TCGA-COADREAD,OX4,recurrence_diagnostic,V4_src_stageII_III_timeGt0,M1,13.5,Diagnostic specification; endpoint assumptions remain,new tumour event construction; excluded from manuscript inference
1.05900306568257,0.74463270426211,1.50609486624203,0.749701878449527,224,54,12,4,3.99684601789153e-11,,,TCGA-COADREAD,OX4,recurrence_diagnostic,V4_src_stageII_III_timeGt0,M2,4.5,Diagnostic specification; endpoint assumptions remain,new tumour event construction; excluded from manuscript inference
1.04402378003183,0.801446203901525,1.36002347751576,0.749468972735749,224,54,1,3,2.1024848528838902e-15,,,TCGA-COADREAD,OX5,recurrence_diagnostic,V4_src_stageII_III_timeGt0,M0,54.0,Diagnostic specification; endpoint assumptions remain,new tumour event construction; excluded from manuscript inference
1.01318298037445,0.774425870687841,1.32554940450101,0.923901124360356,224,54,4,3,1.20443507806934e-07,,,TCGA-COADREAD,OX5,recurrence_diagnostic,V4_src_stageII_III_timeGt0,M1,13.5,Diagnostic specification; endpoint assumptions remain,new tumour event construction; excluded from manuscript inference
1.13638084027921,0.807660065744262,1.59889224306724,0.463046948903647,224,54,12,4,1.7996662365488198e-11,,,TCGA-COADREAD,OX5,recurrence_diagnostic,V4_src_stageII_III_timeGt0,M2,4.5,Diagnostic specification; endpoint assumptions remain,new tumour event construction; excluded from manuscript inference
0.992530344820952,0.765230275214339,1.28734645935757,0.954941524634233,224,54,1,2,1.81287276856956e-14,,,TCGA-COADREAD,OX5_noNRF2,recurrence_diagnostic,V4_src_stageII_III_timeGt0,M0,54.0,Diagnostic specification; endpoint assumptions remain,new tumour event construction; excluded from manuscript inference
0.964744816965436,0.73894733555122,1.25953842321847,0.791912331585472,224,54,4,3,3.32789036009667e-08,,,TCGA-COADREAD,OX5_noNRF2,recurrence_diagnostic,V4_src_stageII_III_timeGt0,M1,13.5,Diagnostic specification; endpoint assumptions remain,new tumour event construction; excluded from manuscript inference
1.00943989479778,0.711702995217547,1.43173333266341,0.957977920989963,224,54,12,4,9.445553519627129e-12,,,TCGA-COADREAD,OX5_noNRF2,recurrence_diagnostic,V4_src_stageII_III_timeGt0,M2,4.5,Diagnostic specification; endpoint assumptions remain,new tumour event construction; excluded from manuscript inference
1.0315121228185,0.79380293178986,1.34040479936548,0.816425267460249,224,54,1,2,1.11125253408895e-08,,,TCGA-COADREAD,OX6,recurrence_diagnostic,V4_src_stageII_III_timeGt0,M0,54.0,Diagnostic specification; endpoint assumptions remain,new tumour event construction; excluded from manuscript inference
0.973674703517593,0.742481740137067,1.27685622018806,0.847046519368391,224,54,4,3,1.78345051850877e-08,,,TCGA-COADREAD,OX6,recurrence_diagnostic,V4_src_stageII_III_timeGt0,M1,13.5,Diagnostic specification; endpoint assumptions remain,new tumour event construction; excluded from manuscript inference
1.09842820277912,0.75383303825432,1.60054608306186,0.625009620372581,224,54,12,4,2.06025152646195e-10,,,TCGA-COADREAD,OX6,recurrence_diagnostic,V4_src_stageII_III_timeGt0,M2,4.5,Diagnostic specification; endpoint assumptions remain,new tumour event construction; excluded from manuscript inference
0.817387072904565,0.705047688695809,0.947626150207482,0.0075151672563901,556,177,1,3,9.70317576287627e-15,,,GSE39582,OX3,recurrence_diagnostic,V0_old,M0,177.0,Diagnostic specification; endpoint assumptions remain,RFS metadata
0.920406370520256,0.787519655611127,1.07571649908455,0.29716338292738,556,177,7,16,4.2545417895396e-06,Loglik converged before variable  7 ; coefficient may be infinite. ,,GSE39582,OX3,recurrence_diagnostic,V0_old,M1,25.285714285714285,Do not interpret inferentially: convergence warning,RFS metadata
1.07599895947802,0.853333661708884,1.356765603831,0.5357781117427,556,177,15,16,4.09554505834838e-06,Loglik converged before variable  7 ; coefficient may be infinite. ,,GSE39582,OX3,recurrence_diagnostic,V0_old,M2,11.8,Do not interpret inferentially: convergence warning,RFS metadata
0.850570658131218,0.735506547442444,0.983635627703759,0.0290758284804886,556,177,1,3,3.38921599118969e-14,,,GSE39582,OX4,recurrence_diagnostic,V0_old,M0,177.0,Diagnostic specification; endpoint assumptions remain,RFS metadata
0.966823701658672,0.829174778770174,1.12732332678448,0.666789248844538,556,177,7,16,4.25534575824497e-06,Loglik converged before variable  7 ; coefficient may be infinite. ,,GSE39582,OX4,recurrence_diagnostic,V0_old,M1,25.285714285714285,Do not interpret inferentially: convergence warning,RFS metadata
1.13141276728022,0.919261525809875,1.3925252107521,0.243869305267353,556,177,15,16,4.04626266386848e-06,Loglik converged before variable  7 ; coefficient may be infinite. ,,GSE39582,OX4,recurrence_diagnostic,V0_old,M2,11.8,Do not interpret inferentially: convergence warning,RFS metadata
0.799284521389324,0.690659194284645,0.924994196007569,0.0026459504168486,556,177,1,2,2.46931292999936e-08,,,GSE39582,OX5,recurrence_diagnostic,V0_old,M0,177.0,Diagnostic specification; endpoint assumptions remain,RFS metadata
0.893748379264929,0.765546219914072,1.04341990680634,0.155045405986423,556,177,7,16,4.22488717073767e-06,Loglik converged before variable  7 ; coefficient may be infinite. ,,GSE39582,OX5,recurrence_diagnostic,V0_old,M1,25.285714285714285,Do not interpret inferentially: convergence warning,RFS metadata
1.00109870617933,0.818289505885794,1.22474822456516,0.991483672244858,556,177,15,16,4.08111835236015e-06,Loglik converged before variable  7 ; coefficient may be infinite. ,,GSE39582,OX5,recurrence_diagnostic,V0_old,M2,11.8,Do not interpret inferentially: convergence warning,RFS metadata
0.811215842261125,0.699299373988101,0.941043517574526,0.0057409935150384,556,177,1,3,2.3189783426857998e-14,,,GSE39582,OX5_noNRF2,recurrence_diagnostic,V0_old,M0,177.0,Diagnostic specification; endpoint assumptions remain,RFS metadata
0.897918720146189,0.768437853976387,1.04921695855674,0.17533544927674,556,177,7,16,4.24575182201828e-06,Loglik converged before variable  7 ; coefficient may be infinite. ,,GSE39582,OX5_noNRF2,recurrence_diagnostic,V0_old,M1,25.285714285714285,Do not interpret inferentially: convergence warning,RFS metadata
1.03106098426482,0.839212875471605,1.26676649553992,0.770898216942335,556,177,15,16,4.08103250451355e-06,Loglik converged before variable  7 ; coefficient may be infinite. ,,GSE39582,OX5_noNRF2,recurrence_diagnostic,V0_old,M2,11.8,Do not interpret inferentially: convergence warning,RFS metadata
0.80493825527854,0.697951641824434,0.928324479783718,0.0028629440767265,556,177,1,3,2.97142848694476e-09,,,GSE39582,OX6,recurrence_diagnostic,V0_old,M0,177.0,Diagnostic specification; endpoint assumptions remain,RFS metadata
0.898284734374107,0.771922840040904,1.04533176394522,0.165503892556084,556,177,7,16,4.34713736018793e-06,Loglik converged before variable  7 ; coefficient may be infinite. ,,GSE39582,OX6,recurrence_diagnostic,V0_old,M1,25.285714285714285,Do not interpret inferentially: convergence warning,RFS metadata
1.03231353753453,0.804014383692534,1.32543802871143,0.803062354783535,556,177,15,16,4.07157741362074e-06,Loglik converged before variable  7 ; coefficient may be infinite. ,,GSE39582,OX6,recurrence_diagnostic,V0_old,M2,11.8,Do not interpret inferentially: convergence warning,RFS metadata
0.843779374146574,0.716765684970416,0.993300386952217,0.0412783731915223,518,145,1,3,4.06567141064684e-14,,,GSE39582,OX3,recurrence_diagnostic,V1_drop_timeLe0,M0,145.0,Diagnostic specification; endpoint assumptions remain,RFS metadata
0.909751815744536,0.76912519421244,1.07609056689134,0.269596768992689,518,145,7,15,1.85739194227182e-06,Loglik converged before variable  7 ; coefficient may be infinite. ,,GSE39582,OX3,recurrence_diagnostic,V1_drop_timeLe0,M1,20.714285714285715,Do not interpret inferentially: convergence warning,RFS metadata
1.13444261136579,0.887312518963213,1.45040221001974,0.314300041848198,518,145,15,15,1.75389220924298e-06,Loglik converged before variable  7 ; coefficient may be infinite. ,,GSE39582,OX3,recurrence_diagnostic,V1_drop_timeLe0,M2,9.666666666666666,Do not interpret inferentially: convergence warning,RFS metadata
0.871019998465886,0.742209987440569,1.02218489452523,0.0907929550918558,518,145,1,3,2.7183116868556603e-15,,,GSE39582,OX4,recurrence_diagnostic,V1_drop_timeLe0,M0,145.0,Diagnostic specification; endpoint assumptions remain,RFS metadata
0.947151763015047,0.802844905371509,1.11739696693646,0.519707580238943,518,145,7,15,1.86246681889128e-06,Loglik converged before variable  7 ; coefficient may be infinite. ,,GSE39582,OX4,recurrence_diagnostic,V1_drop_timeLe0,M1,20.714285714285715,Do not interpret inferentially: convergence warning,RFS metadata
1.13487842364564,0.911850846159975,1.41245582200232,0.257060511874363,518,145,15,15,1.72181922098771e-06,Loglik converged before variable  7 ; coefficient may be infinite. ,,GSE39582,OX4,recurrence_diagnostic,V1_drop_timeLe0,M2,9.666666666666666,Do not interpret inferentially: convergence warning,RFS metadata
0.847834133257918,0.721714501347708,0.995993174828684,0.044555907597086,518,145,1,2,5.69902257330224e-10,,,GSE39582,OX5,recurrence_diagnostic,V1_drop_timeLe0,M0,145.0,Diagnostic specification; endpoint assumptions remain,RFS metadata
0.920409327836201,0.780830681333722,1.08493858018089,0.322954738033229,518,145,7,15,1.8413381909211e-06,Loglik converged before variable  7 ; coefficient may be infinite. ,,GSE39582,OX5,recurrence_diagnostic,V1_drop_timeLe0,M1,20.714285714285715,Do not interpret inferentially: convergence warning,RFS metadata
1.09904540783477,0.888523821127037,1.35944673599245,0.384018414210955,518,145,15,15,1.74506670220338e-06,Loglik converged before variable  7 ; coefficient may be infinite. ,,GSE39582,OX5,recurrence_diagnostic,V1_drop_timeLe0,M2,9.666666666666666,Do not interpret inferentially: convergence warning,RFS metadata
0.867541496631467,0.736621655527425,1.02172973429444,0.0886789711603382,518,145,1,3,1.0048385734595701e-14,,,GSE39582,OX5_noNRF2,recurrence_diagnostic,V1_drop_timeLe0,M0,145.0,Diagnostic specification; endpoint assumptions remain,RFS metadata
0.931894090650405,0.788549006935161,1.10129692454302,0.40783378447444,518,145,7,15,1.84927293751972e-06,Loglik converged before variable  7 ; coefficient may be infinite. ,,GSE39582,OX5_noNRF2,recurrence_diagnostic,V1_drop_timeLe0,M1,20.714285714285715,Do not interpret inferentially: convergence warning,RFS metadata
1.11893714320303,0.898893880098881,1.39284553845403,0.314468457342847,518,145,15,15,1.74334649652225e-06,Loglik converged before variable  7 ; coefficient may be infinite. ,,GSE39582,OX5_noNRF2,recurrence_diagnostic,V1_drop_timeLe0,M2,9.666666666666666,Do not interpret inferentially: convergence warning,RFS metadata
0.793773266507822,0.678299421349731,0.928905404885539,0.0039842869943094,518,145,1,3,3.7987130845421e-09,,,GSE39582,OX6,recurrence_diagnostic,V1_drop_timeLe0,M0,145.0,Diagnostic specification; endpoint assumptions remain,RFS metadata
0.845074782493506,0.71726190630844,0.995663343787483,0.0442295185643677,518,145,7,15,1.95371403691057e-06,Loglik converged before variable  7 ; coefficient may be infinite. ,,GSE39582,OX6,recurrence_diagnostic,V1_drop_timeLe0,M1,20.714285714285715,Do not interpret inferentially: convergence warning,RFS metadata
1.0226512783734,0.782493703482703,1.33651636109538,0.869722901562827,518,145,15,15,1.72968186727425e-06,Loglik converged before variable  7 ; coefficient may be infinite. ,,GSE39582,OX6,recurrence_diagnostic,V1_drop_timeLe0,M2,9.666666666666666,Do not interpret inferentially: convergence warning,RFS metadata
0.871573759257491,0.737804241230582,1.02959670787367,0.105905864517206,488,137,1,3,8.22909448916498e-15,,,GSE39582,OX3,recurrence_diagnostic,V2_drop_timeLe0_noIV,M0,137.0,Diagnostic specification; endpoint assumptions remain,RFS metadata
0.940551403096185,0.792582674476333,1.11614468793516,0.482813208185458,488,137,6,15,1.76932419189463e-06,Loglik converged before variable  6 ; coefficient may be infinite. ,,GSE39582,OX3,recurrence_diagnostic,V2_drop_timeLe0_noIV,M1,22.833333333333332,Do not interpret inferentially: convergence warning,RFS metadata
1.1603137358598,0.901787408374413,1.49295493940402,0.247618615132874,488,137,14,15,1.72830427989305e-06,Loglik converged before variable  6 ; coefficient may be infinite. ,,GSE39582,OX3,recurrence_diagnostic,V2_drop_timeLe0_noIV,M2,9.785714285714286,Do not interpret inferentially: convergence warning,RFS metadata
0.881151701246035,0.748109398828145,1.03785398475811,0.129758022640203,488,137,1,2,5.342114548466391e-09,,,GSE39582,OX4,recurrence_diagnostic,V2_drop_timeLe0_noIV,M0,137.0,Diagnostic specification; endpoint assumptions remain,RFS metadata
0.958641807806521,0.809846969332049,1.13477502599353,0.623567015305017,488,137,6,15,1.76944618630869e-06,Loglik converged before variable  6 ; coefficient may be infinite. ,,GSE39582,OX4,recurrence_diagnostic,V2_drop_timeLe0_noIV,M1,22.833333333333332,Do not interpret inferentially: convergence warning,RFS metadata
1.12733842855636,0.90166796111322,1.40948995340906,0.292929614487067,488,137,14,15,1.69626453572027e-06,Loglik converged before variable  6 ; coefficient may be infinite. ,,GSE39582,OX4,recurrence_diagnostic,V2_drop_timeLe0_noIV,M2,9.785714285714286,Do not interpret inferentially: convergence warning,RFS metadata
0.865152465901436,0.734153782481542,1.01952589105424,0.0837871553357487,488,137,1,3,2.7794606893838404e-15,,,GSE39582,OX5,recurrence_diagnostic,V2_drop_timeLe0_noIV,M0,137.0,Diagnostic specification; endpoint assumptions remain,RFS metadata
0.938695081258089,0.794332662775359,1.10929399843567,0.45775745395454,488,137,6,15,1.75434556360518e-06,Loglik converged before variable  6 ; coefficient may be infinite. ,,GSE39582,OX5,recurrence_diagnostic,V2_drop_timeLe0_noIV,M1,22.833333333333332,Do not interpret inferentially: convergence warning,RFS metadata
1.09936144865838,0.882326788271874,1.36978227439226,0.398537260263695,488,137,14,15,1.71865498205738e-06,Loglik converged before variable  6 ; coefficient may be infinite. ,,GSE39582,OX5,recurrence_diagnostic,V2_drop_timeLe0_noIV,M2,9.785714285714286,Do not interpret inferentially: convergence warning,RFS metadata
0.893211182883877,0.755997254787396,1.0553295163131,0.184470932576088,488,137,1,3,1.3166551182664001e-15,,,GSE39582,OX5_noNRF2,recurrence_diagnostic,V2_drop_timeLe0_noIV,M0,137.0,Diagnostic specification; endpoint assumptions remain,RFS metadata
0.960255030870087,0.810214725442691,1.13808067831339,0.639885541035829,488,137,6,15,1.76032115451474e-06,Loglik converged before variable  6 ; coefficient may be infinite. ,,GSE39582,OX5_noNRF2,recurrence_diagnostic,V2_drop_timeLe0_noIV,M1,22.833333333333332,Do not interpret inferentially: convergence warning,RFS metadata
1.13899305975572,0.907705354590317,1.42921398845028,0.261100613655771,488,137,14,15,1.71854663459262e-06,Loglik converged before variable  6 ; coefficient may be infinite. ,,GSE39582,OX5_noNRF2,recurrence_diagnostic,V2_drop_timeLe0_noIV,M2,9.785714285714286,Do not interpret inferentially: convergence warning,RFS metadata
0.808542101633397,0.68807724695237,0.950097293595007,0.0098268052859791,488,137,1,3,3.3039361429024203e-09,,,GSE39582,OX6,recurrence_diagnostic,V2_drop_timeLe0_noIV,M0,137.0,Diagnostic specification; endpoint assumptions remain,RFS metadata
0.861548359538874,0.728686658465744,1.01863478245501,0.0811758820552855,488,137,6,15,1.85200089827724e-06,Loglik converged before variable  6 ; coefficient may be infinite. ,,GSE39582,OX6,recurrence_diagnostic,V2_drop_timeLe0_noIV,M1,22.833333333333332,Do not interpret inferentially: convergence warning,RFS metadata
1.0116202623271,0.769209159838596,1.33042559629099,0.934122938348632,488,137,14,15,1.70550941326668e-06,Loglik converged before variable  6 ; coefficient may be infinite. ,,GSE39582,OX6,recurrence_diagnostic,V2_drop_timeLe0_noIV,M2,9.785714285714286,Do not interpret inferentially: convergence warning,RFS metadata
0.867389996170476,0.734112410965455,1.02486403201815,0.0946385459716833,484,137,1,3,3.1350790019590803e-15,,,GSE39582,OX3,recurrence_diagnostic,V2b_primary,M0,137.0,Diagnostic specification; endpoint assumptions remain,RFS metadata
0.940551403096185,0.792582674519461,1.11614468787443,0.482813208046314,484,137,5,6,7.76452363536212e-10,,,GSE39582,OX3,recurrence_diagnostic,V2b_primary,M1,27.4,Diagnostic specification; endpoint assumptions remain,RFS metadata
1.1603137358598,0.901787408396242,1.49295493936788,0.247618615087467,484,137,13,6,6.560692178200061e-10,,,GSE39582,OX3,recurrence_diagnostic,V2b_primary,M2,10.538461538461538,Diagnostic specification; endpoint assumptions remain,RFS metadata
0.88060161840129,0.747818412334872,1.03696191152849,0.127327067223114,484,137,1,2,1.9812149039399902e-09,,,GSE39582,OX4,recurrence_diagnostic,V2b_primary,M0,137.0,Diagnostic specification; endpoint assumptions remain,RFS metadata
0.958641807806521,0.809846969403049,1.13477502589404,0.623567015124576,484,137,5,6,8.18656201816498e-10,,,GSE39582,OX4,recurrence_diagnostic,V2b_primary,M1,27.4,Diagnostic specification; endpoint assumptions remain,RFS metadata
1.12733842855636,0.901667961247682,1.40948995319887,0.292929614164825,484,137,13,6,6.61489051400934e-10,,,GSE39582,OX4,recurrence_diagnostic,V2b_primary,M2,10.538461538461538,Diagnostic specification; endpoint assumptions remain,RFS metadata
0.86482438151138,0.734128512938518,1.01878785209256,0.0823343132817873,484,137,1,3,4.0700949555105805e-15,,,GSE39582,OX5,recurrence_diagnostic,V2b_primary,M0,137.0,Diagnostic specification; endpoint assumptions remain,RFS metadata
0.938695081258089,0.794332662856825,1.1092939983219,0.457757453678339,484,137,5,6,7.571113861592351e-10,,,GSE39582,OX5,recurrence_diagnostic,V2b_primary,M1,27.4,Diagnostic specification; endpoint assumptions remain,RFS metadata
1.09936144865838,0.882326788370707,1.36978227423882,0.398537260023458,484,137,13,6,6.73228284338082e-10,,,GSE39582,OX5,recurrence_diagnostic,V2b_primary,M2,10.538461538461538,Diagnostic specification; endpoint assumptions remain,RFS metadata
0.891316179100994,0.75463953958256,1.0527470261718,0.175506087713676,484,137,1,3,8.589049610430171e-15,,,GSE39582,OX5_noNRF2,recurrence_diagnostic,V2b_primary,M0,137.0,Diagnostic specification; endpoint assumptions remain,RFS metadata
0.960255030870087,0.81021472553575,1.13808067818267,0.639885540809629,484,137,5,6,7.99413727127891e-10,,,GSE39582,OX5_noNRF2,recurrence_diagnostic,V2b_primary,M1,27.4,Diagnostic specification; endpoint assumptions remain,RFS metadata
1.13899305975572,0.907705354684767,1.42921398830157,0.261100613437166,484,137,13,6,5.810629535307701e-10,,,GSE39582,OX5_noNRF2,recurrence_diagnostic,V2b_primary,M2,10.538461538461538,Diagnostic specification; endpoint assumptions remain,RFS metadata
0.806656136202324,0.686524971874036,0.947808380948817,0.0090151796984056,484,137,1,3,4.174331335021071e-09,,,GSE39582,OX6,recurrence_diagnostic,V2b_primary,M0,137.0,Diagnostic specification; endpoint assumptions remain,RFS metadata
0.861548359538874,0.728686658496661,1.01863478241179,0.0811758819782384,484,137,5,6,8.52158457130594e-10,,,GSE39582,OX6,recurrence_diagnostic,V2b_primary,M1,27.4,Diagnostic specification; endpoint assumptions remain,RFS metadata
1.0116202623271,0.769209159970149,1.33042559606346,0.934122938307602,484,137,13,6,5.65879491492354e-10,,,GSE39582,OX6,recurrence_diagnostic,V2b_primary,M2,10.538461538461538,Diagnostic specification; endpoint assumptions remain,RFS metadata
0.896995568045692,0.759242164588701,1.0597423149299,0.201301220018914,461,139,1,3,8.5868812060852e-15,,,GSE39582,OX3,recurrence_diagnostic,V3_src_stageII_III,M0,139.0,Diagnostic specification; endpoint assumptions remain,RFS metadata
0.946204429864473,0.798329821706831,1.12146984711281,0.523627993167,461,139,4,3,7.603705529831941e-09,,,GSE39582,OX3,recurrence_diagnostic,V3_src_stageII_III,M1,34.75,Diagnostic specification; endpoint assumptions remain,RFS metadata
1.16268507022701,0.904527204599938,1.4945228464706,0.239331973557275,461,139,12,4,1.8371275759964002e-10,,,GSE39582,OX3,recurrence_diagnostic,V3_src_stageII_III,M2,11.583333333333334,Diagnostic specification; endpoint assumptions remain,RFS metadata
0.8969918177607,0.76138707004302,1.05674807569845,0.193625061461021,461,139,1,3,1.50443893454089e-15,,,GSE39582,OX4,recurrence_diagnostic,V3_src_stageII_III,M0,139.0,Diagnostic specification; endpoint assumptions remain,RFS metadata
0.952329137544813,0.80536956712197,1.12610511154253,0.567883954481103,461,139,4,3,5.865908946691091e-09,,,GSE39582,OX4,recurrence_diagnostic,V3_src_stageII_III,M1,34.75,Diagnostic specification; endpoint assumptions remain,RFS metadata
1.10558432503109,0.884601324837696,1.38177127417112,0.377654870753065,461,139,12,4,5.22626734613732e-10,,,GSE39582,OX4,recurrence_diagnostic,V3_src_stageII_III,M2,11.583333333333334,Diagnostic specification; endpoint assumptions remain,RFS metadata
0.892844530281307,0.757896070945918,1.05182146446321,0.175205478615215,461,139,1,2,3.1652136762289104e-09,,,GSE39582,OX5,recurrence_diagnostic,V3_src_stageII_III,M0,139.0,Diagnostic specification; endpoint assumptions remain,RFS metadata
0.941306858268682,0.797393627944655,1.11119348132684,0.474917319908637,461,139,4,3,3.0699612632477702e-09,,,GSE39582,OX5,recurrence_diagnostic,V3_src_stageII_III,M1,34.75,Diagnostic specification; endpoint assumptions remain,RFS metadata
1.10158458371574,0.884691192730139,1.37165217089522,0.387137612795151,461,139,12,4,5.17679887092955e-10,,,GSE39582,OX5,recurrence_diagnostic,V3_src_stageII_III,M2,11.583333333333334,Diagnostic specification; endpoint assumptions remain,RFS metadata
0.917265159496669,0.777776258010736,1.08177045025568,0.304853506402796,461,139,1,3,3.0431386577323103e-15,,,GSE39582,OX5_noNRF2,recurrence_diagnostic,V3_src_stageII_III,M0,139.0,Diagnostic specification; endpoint assumptions remain,RFS metadata
0.963302690872899,0.813939932242234,1.14007439306566,0.663609572817481,461,139,4,3,6.914303530584641e-09,,,GSE39582,OX5_noNRF2,recurrence_diagnostic,V3_src_stageII_III,M1,34.75,Diagnostic specification; endpoint assumptions remain,RFS metadata
1.13558993809965,0.905841319714911,1.4236097199883,0.27024237486702,461,139,12,4,2.96652410105248e-10,,,GSE39582,OX5_noNRF2,recurrence_diagnostic,V3_src_stageII_III,M2,11.583333333333334,Diagnostic specification; endpoint assumptions remain,RFS metadata
0.814532671775107,0.690687578152197,0.960584053305352,0.0147745815185617,461,139,1,3,5.0582447085056894e-11,,,GSE39582,OX6,recurrence_diagnostic,V3_src_stageII_III,M0,139.0,Diagnostic specification; endpoint assumptions remain,RFS metadata
0.854438131811548,0.723278453012566,1.0093823727954,0.0642944421276899,461,139,4,3,1.6324956326552602e-09,,,GSE39582,OX6,recurrence_diagnostic,V3_src_stageII_III,M1,34.75,Diagnostic specification; endpoint assumptions remain,RFS metadata
0.990199307468581,0.752922773386764,1.30225131071656,0.943822626323394,461,139,12,4,1.99928757128208e-09,,,GSE39582,OX6,recurrence_diagnostic,V3_src_stageII_III,M2,11.583333333333334,Diagnostic specification; endpoint assumptions remain,RFS metadata
0.892075425405939,0.753692789155681,1.05586596563392,0.184214467417103,453,136,1,3,4.972584843887521e-15,,,GSE39582,OX3,recurrence_diagnostic,V4_src_stageII_III_timeGt0,M0,136.0,Diagnostic specification; endpoint assumptions remain,RFS metadata
0.943635904843475,0.79467120854466,1.12052470422391,0.508092190758379,453,136,4,3,1.10407163444271e-08,,,GSE39582,OX3,recurrence_diagnostic,V4_src_stageII_III_timeGt0,M1,34.0,Diagnostic specification; endpoint assumptions remain,RFS metadata
1.16338521906199,0.902837836936155,1.49912322297546,0.242064418392322,453,136,12,4,2.97788038894561e-11,,,GSE39582,OX3,recurrence_diagnostic,V4_src_stageII_III_timeGt0,M2,11.333333333333334,Diagnostic specification; endpoint assumptions remain,RFS metadata
0.892750743690139,0.756455541308288,1.05360308284725,0.179531237966273,453,136,1,3,6.7905750467112106e-15,,,GSE39582,OX4,recurrence_diagnostic,V4_src_stageII_III_timeGt0,M0,136.0,Diagnostic specification; endpoint assumptions remain,RFS metadata
0.950982588656022,0.802788010410898,1.1265338697124,0.560912229572604,453,136,4,3,9.03844238519619e-09,,,GSE39582,OX4,recurrence_diagnostic,V4_src_stageII_III_timeGt0,M1,34.0,Diagnostic specification; endpoint assumptions remain,RFS metadata
1.10867745737482,0.884979045237747,1.38892068812871,0.369581421047851,453,136,12,4,1.20539643412656e-10,,,GSE39582,OX4,recurrence_diagnostic,V4_src_stageII_III_timeGt0,M2,11.333333333333334,Diagnostic specification; endpoint assumptions remain,RFS metadata
0.890698084345292,0.7547494292779,1.05113438537529,0.17075031423894,453,136,1,2,3.2431519362413602e-09,,,GSE39582,OX5,recurrence_diagnostic,V4_src_stageII_III_timeGt0,M0,136.0,Diagnostic specification; endpoint assumptions remain,RFS metadata
0.942407149070005,0.796995768234368,1.1143487456474,0.487851306217934,453,136,4,3,5.242967344524621e-09,,,GSE39582,OX5,recurrence_diagnostic,V4_src_stageII_III_timeGt0,M1,34.0,Diagnostic specification; endpoint assumptions remain,RFS metadata
1.10768617737272,0.887789637847834,1.38204887197938,0.365031879765782,453,136,12,4,1.32047521607939e-10,,,GSE39582,OX5,recurrence_diagnostic,V4_src_stageII_III_timeGt0,M2,11.333333333333334,Diagnostic specification; endpoint assumptions remain,RFS metadata
0.916692227740327,0.775907629888998,1.08302149383392,0.306559650820663,453,136,1,3,4.69676381120721e-16,,,GSE39582,OX5_noNRF2,recurrence_diagnostic,V4_src_stageII_III_timeGt0,M0,136.0,Diagnostic specification; endpoint assumptions remain,RFS metadata
0.965409674488719,0.814197720350975,1.14470455554045,0.685457566548331,453,136,4,3,1.07312941680471e-08,,,GSE39582,OX5_noNRF2,recurrence_diagnostic,V4_src_stageII_III_timeGt0,M1,34.0,Diagnostic specification; endpoint assumptions remain,RFS metadata
1.14734680860148,0.913387915529099,1.44123288345178,0.23746679684897,453,136,12,4,5.33356099743497e-11,,,GSE39582,OX5_noNRF2,recurrence_diagnostic,V4_src_stageII_III_timeGt0,M2,11.333333333333334,Diagnostic specification; endpoint assumptions remain,RFS metadata
0.812566815712756,0.687778826651188,0.959995865549415,0.0146918283813566,453,136,1,3,4.9114425200447195e-11,,,GSE39582,OX6,recurrence_diagnostic,V4_src_stageII_III_timeGt0,M0,136.0,Diagnostic specification; endpoint assumptions remain,RFS metadata
0.854631947715227,0.722102626360107,1.01148471061131,0.0676787383676412,453,136,4,3,3.16409498426898e-09,,,GSE39582,OX6,recurrence_diagnostic,V4_src_stageII_III_timeGt0,M1,34.0,Diagnostic specification; endpoint assumptions remain,RFS metadata
0.989104471101221,0.749903870549432,1.30460408750209,0.938180464647035,453,136,12,4,5.306815058854741e-10,,,GSE39582,OX6,recurrence_diagnostic,V4_src_stageII_III_timeGt0,M2,11.333333333333334,Diagnostic specification; endpoint assumptions remain,RFS metadata
0.923534394277681,0.777552910616959,1.09692313637806,0.364853822000905,453,130,1,3,4.3428802221079405e-15,,,GSE39582,OX3,recurrence_diagnostic,V5_maxfidelity_cens60,M0,130.0,Diagnostic specification; endpoint assumptions remain,RFS metadata
0.973834040368332,0.817439853831744,1.16014986758318,0.766582741838036,453,130,4,3,1.59725493171151e-08,,,GSE39582,OX3,recurrence_diagnostic,V5_maxfidelity_cens60,M1,32.5,Diagnostic specification; endpoint assumptions remain,RFS metadata
1.21239676487236,0.938733903031968,1.56583874378607,0.140055582231753,453,130,12,4,6.33396624669965e-12,,,GSE39582,OX3,recurrence_diagnostic,V5_maxfidelity_cens60,M2,10.833333333333334,Diagnostic specification; endpoint assumptions remain,RFS metadata
0.919607827973962,0.776552536754048,1.08901654072998,0.331309746379031,453,130,1,3,5.0953165298128806e-15,,,GSE39582,OX4,recurrence_diagnostic,V5_maxfidelity_cens60,M0,130.0,Diagnostic specification; endpoint assumptions remain,RFS metadata
0.9760295853834,0.82127152488594,1.15994981279303,0.782970775931838,453,130,4,3,1.40987544421837e-08,,0.14069504068577,GSE39582,OX4,recurrence_diagnostic,V5_maxfidelity_cens60,M1,32.5,Diagnostic specification; endpoint assumptions remain,RFS metadata
1.13972783997626,0.907144412127453,1.43194350519181,0.261389711001414,453,130,12,4,2.92698899242392e-11,,,GSE39582,OX4,recurrence_diagnostic,V5_maxfidelity_cens60,M2,10.833333333333334,Diagnostic specification; endpoint assumptions remain,RFS metadata
0.920412092459594,0.777298382873612,1.08987544373111,0.336133074313466,453,130,1,2,3.30955389395843e-10,,,GSE39582,OX5,recurrence_diagnostic,V5_maxfidelity_cens60,M0,130.0,Diagnostic specification; endpoint assumptions remain,RFS metadata
0.971789686784655,0.819599992779419,1.15223914551105,0.741934671822468,453,130,4,3,1.30557971417281e-08,,,GSE39582,OX5,recurrence_diagnostic,V5_maxfidelity_cens60,M1,32.5,Diagnostic specification; endpoint assumptions remain,RFS metadata
1.14027605769433,0.911767576217662,1.4260536584825,0.249962347846022,453,130,12,4,1.97665580464781e-11,,,GSE39582,OX5,recurrence_diagnostic,V5_maxfidelity_cens60,M2,10.833333333333334,Diagnostic specification; endpoint assumptions remain,RFS metadata
0.95700971623497,0.807357494686043,1.1344015544493,0.612524587507425,453,130,1,2,8.656189097976111e-09,,,GSE39582,OX5_noNRF2,recurrence_diagnostic,V5_maxfidelity_cens60,M0,130.0,Diagnostic specification; endpoint assumptions remain,RFS metadata
1.0056848140089,0.845840296949775,1.19573629770937,0.948820720467754,453,130,4,3,1.74973229797428e-08,,,GSE39582,OX5_noNRF2,recurrence_diagnostic,V5_maxfidelity_cens60,M1,32.5,Diagnostic specification; endpoint assumptions remain,RFS metadata
1.19596569452296,0.950690636413229,1.50452091110539,0.126473656577576,453,130,12,4,1.03101237422416e-11,,,GSE39582,OX5_noNRF2,recurrence_diagnostic,V5_maxfidelity_cens60,M2,10.833333333333334,Diagnostic specification; endpoint assumptions remain,RFS metadata
0.825196276066582,0.696055689291951,0.978296570963792,0.0269212573098665,453,130,1,3,2.6828496455660897e-11,,,GSE39582,OX6,recurrence_diagnostic,V5_maxfidelity_cens60,M0,130.0,Diagnostic specification; endpoint assumptions remain,RFS metadata
0.865306182648854,0.728381849234666,1.02797013752755,0.0997458249439746,453,130,4,3,8.67085454104521e-09,,,GSE39582,OX6,recurrence_diagnostic,V5_maxfidelity_cens60,M1,32.5,Diagnostic specification; endpoint assumptions remain,RFS metadata
1.00843468141479,0.761122215097553,1.33610672045595,0.95334259436965,453,130,12,4,1.70542619968508e-10,,,GSE39582,OX6,recurrence_diagnostic,V5_maxfidelity_cens60,M2,10.833333333333334,Diagnostic specification; endpoint assumptions remain,RFS metadata
0.830765732286897,0.656426154010233,1.05140798812752,0.122874754235821,200,55,1,4,3.86825987908068e-14,,,GSE17538,OX3,recurrence_diagnostic,V0_old,M0,55.0,Diagnostic specification; endpoint assumptions remain,recorded cancer recurrence / DFS metadata
0.928676203873106,0.72227520808987,1.19405938620124,0.563948541374409,200,55,6,7,3.52120045303306e-08,,,GSE17538,OX3,recurrence_diagnostic,V0_old,M1,9.166666666666666,Diagnostic specification; endpoint assumptions remain,recorded cancer recurrence / DFS metadata
1.06128216344355,0.604131583953411,1.86436177210406,0.836090268931106,200,55,14,8,4.23218861834735e-13,,,GSE17538,OX3,recurrence_diagnostic,V0_old,M2,3.9285714285714284,Diagnostic specification; endpoint assumptions remain,recorded cancer recurrence / DFS metadata
0.866632484953655,0.682061254832385,1.10115016599428,0.241430069961543,200,55,1,3,1.96890255693e-07,,,GSE17538,OX4,recurrence_diagnostic,V0_old,M0,55.0,Diagnostic specification; endpoint assumptions remain,recorded cancer recurrence / DFS metadata
0.993632987587932,0.763503152450292,1.29312696464236,0.962099285048485,200,55,6,7,3.54315890386752e-08,,,GSE17538,OX4,recurrence_diagnostic,V0_old,M1,9.166666666666666,Diagnostic specification; endpoint assumptions remain,recorded cancer recurrence / DFS metadata
1.30348770565795,0.68315905515797,2.48709313881311,0.421366045863068,200,55,14,8,1.19019280517831e-12,,,GSE17538,OX4,recurrence_diagnostic,V0_old,M2,3.9285714285714284,Diagnostic specification; endpoint assumptions remain,recorded cancer recurrence / DFS metadata
0.758959936727845,0.59576163012964,0.966863517935168,0.0255646279374806,200,55,1,4,1.58432295060962e-14,,,GSE17538,OX5,recurrence_diagnostic,V0_old,M0,55.0,Diagnostic specification; endpoint assumptions remain,recorded cancer recurrence / DFS metadata
0.822413279643196,0.633374038320857,1.06787389695762,0.142331169485533,200,55,6,7,3.41663940631008e-08,,,GSE17538,OX5,recurrence_diagnostic,V0_old,M1,9.166666666666666,Diagnostic specification; endpoint assumptions remain,recorded cancer recurrence / DFS metadata
0.689286503779674,0.405701283010305,1.17109781060451,0.168842466660005,200,55,14,8,1.1219477142038898e-12,,,GSE17538,OX5,recurrence_diagnostic,V0_old,M2,3.9285714285714284,Diagnostic specification; endpoint assumptions remain,recorded cancer recurrence / DFS metadata
0.804540486128311,0.631119413403866,1.02561477285023,0.0791265513034033,200,55,1,4,8.09682182412175e-15,,,GSE17538,OX5_noNRF2,recurrence_diagnostic,V0_old,M0,55.0,Diagnostic specification; endpoint assumptions remain,recorded cancer recurrence / DFS metadata
0.883384627906397,0.678618558931038,1.14993672152227,0.356741981156316,200,55,6,7,3.46861761419357e-08,,,GSE17538,OX5_noNRF2,recurrence_diagnostic,V0_old,M1,9.166666666666666,Diagnostic specification; endpoint assumptions remain,recorded cancer recurrence / DFS metadata
0.888527181093943,0.526565214835794,1.4993025161925,0.657938516665739,200,55,14,8,6.7513777966152e-13,,,GSE17538,OX5_noNRF2,recurrence_diagnostic,V0_old,M2,3.9285714285714284,Diagnostic specification; endpoint assumptions remain,recorded cancer recurrence / DFS metadata
0.837608910177886,0.662695974331989,1.05868861979523,0.138139124483221,200,55,1,4,2.2960799928029e-14,,,GSE17538,OX6,recurrence_diagnostic,V0_old,M0,55.0,Diagnostic specification; endpoint assumptions remain,recorded cancer recurrence / DFS metadata
0.957755035830157,0.74214608297358,1.23600289714212,0.740116829939149,200,55,6,7,3.54629730708951e-08,,,GSE17538,OX6,recurrence_diagnostic,V0_old,M1,9.166666666666666,Diagnostic specification; endpoint assumptions remain,recorded cancer recurrence / DFS metadata
1.23209698601072,0.562764180800182,2.69751173711553,0.601640664896059,200,55,14,8,2.77280259658572e-12,,,GSE17538,OX6,recurrence_diagnostic,V0_old,M2,3.9285714285714284,Diagnostic specification; endpoint assumptions remain,recorded cancer recurrence / DFS metadata
1.09125092313914,0.798226611712135,1.4918427421228,0.584130047958847,187,42,1,3,1.25022823170562e-09,,,GSE17538,OX3,recurrence_diagnostic,V1_drop_timeLe0,M0,42.0,Diagnostic specification; endpoint assumptions remain,recorded cancer recurrence / DFS metadata
1.12651684740837,0.816846582668135,1.55358452177117,0.467590917346251,187,42,6,5,6.83567402238721e-07,,,GSE17538,OX3,recurrence_diagnostic,V1_drop_timeLe0,M1,7.0,Diagnostic specification; endpoint assumptions remain,recorded cancer recurrence / DFS metadata
1.50758992476136,0.752422590297967,3.02067935033942,0.246972867224138,187,42,14,5,5.5669907822703e-07,,,GSE17538,OX3,recurrence_diagnostic,V1_drop_timeLe0,M2,3.0,Diagnostic specification; endpoint assumptions remain,recorded cancer recurrence / DFS metadata
1.1845364831254,0.85557260152284,1.63998552239479,0.307611356563336,187,42,1,4,6.71337985203024e-16,,,GSE17538,OX4,recurrence_diagnostic,V1_drop_timeLe0,M0,42.0,Diagnostic specification; endpoint assumptions remain,recorded cancer recurrence / DFS metadata
1.26641293120117,0.90425181907618,1.77362287637093,0.169341798432579,187,42,6,5,7.68437259789312e-07,,,GSE17538,OX4,recurrence_diagnostic,V1_drop_timeLe0,M1,7.0,Diagnostic specification; endpoint assumptions remain,recorded cancer recurrence / DFS metadata
1.4916737952153,0.69724596714287,3.1912564807651,0.302728643712472,187,42,14,5,5.93034467222502e-07,,,GSE17538,OX4,recurrence_diagnostic,V1_drop_timeLe0,M2,3.0,Diagnostic specification; endpoint assumptions remain,recorded cancer recurrence / DFS metadata
0.95944308550747,0.7084216237444,1.29941125944544,0.789057303383932,187,42,1,3,3.20982823653893e-13,,,GSE17538,OX5,recurrence_diagnostic,V1_drop_timeLe0,M0,42.0,Diagnostic specification; endpoint assumptions remain,recorded cancer recurrence / DFS metadata
0.997200136967266,0.723911752160506,1.37365930336085,0.986310745391887,187,42,6,5,6.45653752755826e-07,,,GSE17538,OX5,recurrence_diagnostic,V1_drop_timeLe0,M1,7.0,Diagnostic specification; endpoint assumptions remain,recorded cancer recurrence / DFS metadata
0.822490817217929,0.413575085251604,1.63571542032389,0.577452252451664,187,42,14,5,4.61265169669491e-07,,,GSE17538,OX5,recurrence_diagnostic,V1_drop_timeLe0,M2,3.0,Diagnostic specification; endpoint assumptions remain,recorded cancer recurrence / DFS metadata
1.03089237218831,0.756540751156104,1.40473475012683,0.847179791272439,187,42,1,3,5.02419286729783e-14,,,GSE17538,OX5_noNRF2,recurrence_diagnostic,V1_drop_timeLe0,M0,42.0,Diagnostic specification; endpoint assumptions remain,recorded cancer recurrence / DFS metadata
1.07643283583606,0.77532737603749,1.49447534793358,0.659975507884988,187,42,6,5,6.78289143222741e-07,,,GSE17538,OX5_noNRF2,recurrence_diagnostic,V1_drop_timeLe0,M1,7.0,Diagnostic specification; endpoint assumptions remain,recorded cancer recurrence / DFS metadata
1.14193000504009,0.61655264237147,2.11499237339283,0.672984495481126,187,42,14,5,5.03893276567185e-07,,,GSE17538,OX5_noNRF2,recurrence_diagnostic,V1_drop_timeLe0,M2,3.0,Diagnostic specification; endpoint assumptions remain,recorded cancer recurrence / DFS metadata
1.11796116340836,0.815163252504948,1.53323540904069,0.489007868222459,187,42,1,3,1.75934456204951e-08,,,GSE17538,OX6,recurrence_diagnostic,V1_drop_timeLe0,M0,42.0,Diagnostic specification; endpoint assumptions remain,recorded cancer recurrence / DFS metadata
1.17943919207813,0.851703457141303,1.63328773195189,0.320420264860227,187,42,6,5,6.96454029134154e-07,,,GSE17538,OX6,recurrence_diagnostic,V1_drop_timeLe0,M1,7.0,Diagnostic specification; endpoint assumptions remain,recorded cancer recurrence / DFS metadata
1.3769585036059,0.553022388529309,3.42845924501324,0.491914956867454,187,42,14,5,4.8775082588025e-07,,,GSE17538,OX6,recurrence_diagnostic,V1_drop_timeLe0,M2,3.0,Diagnostic specification; endpoint assumptions remain,recorded cancer recurrence / DFS metadata
1.06121745264952,0.752975621081774,1.49564268786019,0.734323088690069,173,35,1,3,7.571062353439739e-11,,,GSE17538,OX3,recurrence_diagnostic,V2_drop_timeLe0_noIV,M0,35.0,Diagnostic specification; endpoint assumptions remain,recorded cancer recurrence / DFS metadata
1.06767629023942,0.747064214412666,1.52588310181021,0.719275432372753,173,35,5,6,4.12542102501012e-13,,,GSE17538,OX3,recurrence_diagnostic,V2_drop_timeLe0_noIV,M1,7.0,Diagnostic specification; endpoint assumptions remain,recorded cancer recurrence / DFS metadata
1.31892265024371,0.588756921693179,2.95462676230315,0.501156380861893,173,35,13,5,3.90150823919757e-07,,,GSE17538,OX3,recurrence_diagnostic,V2_drop_timeLe0_noIV,M2,2.6923076923076925,Diagnostic specification; endpoint assumptions remain,recorded cancer recurrence / DFS metadata
1.20318366309828,0.83517078158119,1.73335916326698,0.320707050762775,173,35,1,4,1.3110172669694702e-15,,,GSE17538,OX4,recurrence_diagnostic,V2_drop_timeLe0_noIV,M0,35.0,Diagnostic specification; endpoint assumptions remain,recorded cancer recurrence / DFS metadata
1.24599424900459,0.850595996946795,1.82519277556585,0.258826515049647,173,35,5,6,1.94525489583569e-13,,,GSE17538,OX4,recurrence_diagnostic,V2_drop_timeLe0_noIV,M1,7.0,Diagnostic specification; endpoint assumptions remain,recorded cancer recurrence / DFS metadata
1.24041872543108,0.498816760753122,3.08457681349161,0.642974710175696,173,35,13,5,3.80395162578847e-07,,,GSE17538,OX4,recurrence_diagnostic,V2_drop_timeLe0_noIV,M2,2.6923076923076925,Diagnostic specification; endpoint assumptions remain,recorded cancer recurrence / DFS metadata
0.921495798009844,0.663881955621272,1.27907453811596,0.62505590323946,173,35,1,3,1.01881443385909e-10,,,GSE17538,OX5,recurrence_diagnostic,V2_drop_timeLe0_noIV,M0,35.0,Diagnostic specification; endpoint assumptions remain,recorded cancer recurrence / DFS metadata
0.949088226079712,0.671011341720057,1.34240422609568,0.767698935131076,173,35,5,6,2.81364401590994e-13,,,GSE17538,OX5,recurrence_diagnostic,V2_drop_timeLe0_noIV,M1,7.0,Diagnostic specification; endpoint assumptions remain,recorded cancer recurrence / DFS metadata
0.676073456695651,0.318303604710752,1.43597280107386,0.308438636663341,173,35,13,5,3.12418600498228e-07,,,GSE17538,OX5,recurrence_diagnostic,V2_drop_timeLe0_noIV,M2,2.6923076923076925,Diagnostic specification; endpoint assumptions remain,recorded cancer recurrence / DFS metadata
0.978754583665115,0.701749636456292,1.36510300152487,0.899331714105799,173,35,1,3,5.384581669432011e-15,,,GSE17538,OX5_noNRF2,recurrence_diagnostic,V2_drop_timeLe0_noIV,M0,35.0,Diagnostic specification; endpoint assumptions remain,recorded cancer recurrence / DFS metadata
0.992040696486791,0.697119851998259,1.41172961961275,0.964590665625068,173,35,5,6,4.99766064834741e-13,,,GSE17538,OX5_noNRF2,recurrence_diagnostic,V2_drop_timeLe0_noIV,M1,7.0,Diagnostic specification; endpoint assumptions remain,recorded cancer recurrence / DFS metadata
0.855827756850209,0.422351542657182,1.73419787882668,0.665692651571978,173,35,13,5,2.91404869078941e-07,,,GSE17538,OX5_noNRF2,recurrence_diagnostic,V2_drop_timeLe0_noIV,M2,2.6923076923076925,Diagnostic specification; endpoint assumptions remain,recorded cancer recurrence / DFS metadata
1.10777621628408,0.780448118225694,1.57238913991436,0.566793789923501,173,35,1,3,9.424127759422031e-09,,,GSE17538,OX6,recurrence_diagnostic,V2_drop_timeLe0_noIV,M0,35.0,Diagnostic specification; endpoint assumptions remain,recorded cancer recurrence / DFS metadata
1.14526120893594,0.794649530356513,1.65056818960801,0.467014204958018,173,35,5,6,2.18996055739669e-12,,,GSE17538,OX6,recurrence_diagnostic,V2_drop_timeLe0_noIV,M1,7.0,Diagnostic specification; endpoint assumptions remain,recorded cancer recurrence / DFS metadata
1.09891086617538,0.366012753073792,3.29935249976074,0.866466903454389,173,35,13,5,2.36016794467626e-07,,,GSE17538,OX6,recurrence_diagnostic,V2_drop_timeLe0_noIV,M2,2.6923076923076925,Diagnostic specification; endpoint assumptions remain,recorded cancer recurrence / DFS metadata
1.06121745264952,0.752975621081774,1.49564268786019,0.734323088690069,173,35,1,3,7.571062353439739e-11,,,GSE17538,OX3,recurrence_diagnostic,V2b_primary,M0,35.0,Diagnostic specification; endpoint assumptions remain,recorded cancer recurrence / DFS metadata
1.06767629023942,0.747064214412666,1.52588310181021,0.719275432372753,173,35,5,6,4.12542102501012e-13,,,GSE17538,OX3,recurrence_diagnostic,V2b_primary,M1,7.0,Diagnostic specification; endpoint assumptions remain,recorded cancer recurrence / DFS metadata
1.31892265024371,0.588756921693179,2.95462676230315,0.501156380861893,173,35,13,5,3.90150823919757e-07,,,GSE17538,OX3,recurrence_diagnostic,V2b_primary,M2,2.6923076923076925,Diagnostic specification; endpoint assumptions remain,recorded cancer recurrence / DFS metadata
1.20318366309828,0.83517078158119,1.73335916326698,0.320707050762775,173,35,1,4,1.3110172669694702e-15,,,GSE17538,OX4,recurrence_diagnostic,V2b_primary,M0,35.0,Diagnostic specification; endpoint assumptions remain,recorded cancer recurrence / DFS metadata
1.24599424900459,0.850595996946795,1.82519277556585,0.258826515049647,173,35,5,6,1.94525489583569e-13,,,GSE17538,OX4,recurrence_diagnostic,V2b_primary,M1,7.0,Diagnostic specification; endpoint assumptions remain,recorded cancer recurrence / DFS metadata
1.24041872543108,0.498816760753122,3.08457681349161,0.642974710175696,173,35,13,5,3.80395162578847e-07,,,GSE17538,OX4,recurrence_diagnostic,V2b_primary,M2,2.6923076923076925,Diagnostic specification; endpoint assumptions remain,recorded cancer recurrence / DFS metadata
0.921495798009844,0.663881955621272,1.27907453811596,0.62505590323946,173,35,1,3,1.01881443385909e-10,,,GSE17538,OX5,recurrence_diagnostic,V2b_primary,M0,35.0,Diagnostic specification; endpoint assumptions remain,recorded cancer recurrence / DFS metadata
0.949088226079712,0.671011341720057,1.34240422609568,0.767698935131076,173,35,5,6,2.81364401590994e-13,,,GSE17538,OX5,recurrence_diagnostic,V2b_primary,M1,7.0,Diagnostic specification; endpoint assumptions remain,recorded cancer recurrence / DFS metadata
0.676073456695651,0.318303604710752,1.43597280107386,0.308438636663341,173,35,13,5,3.12418600498228e-07,,,GSE17538,OX5,recurrence_diagnostic,V2b_primary,M2,2.6923076923076925,Diagnostic specification; endpoint assumptions remain,recorded cancer recurrence / DFS metadata
0.978754583665115,0.701749636456292,1.36510300152487,0.899331714105799,173,35,1,3,5.384581669432011e-15,,,GSE17538,OX5_noNRF2,recurrence_diagnostic,V2b_primary,M0,35.0,Diagnostic specification; endpoint assumptions remain,recorded cancer recurrence / DFS metadata
0.992040696486791,0.697119851998259,1.41172961961275,0.964590665625068,173,35,5,6,4.99766064834741e-13,,,GSE17538,OX5_noNRF2,recurrence_diagnostic,V2b_primary,M1,7.0,Diagnostic specification; endpoint assumptions remain,recorded cancer recurrence / DFS metadata
0.855827756850209,0.422351542657182,1.73419787882668,0.665692651571978,173,35,13,5,2.91404869078941e-07,,,GSE17538,OX5_noNRF2,recurrence_diagnostic,V2b_primary,M2,2.6923076923076925,Diagnostic specification; endpoint assumptions remain,recorded cancer recurrence / DFS metadata
1.10777621628408,0.780448118225694,1.57238913991436,0.566793789923501,173,35,1,3,9.424127759422031e-09,,,GSE17538,OX6,recurrence_diagnostic,V2b_primary,M0,35.0,Diagnostic specification; endpoint assumptions remain,recorded cancer recurrence / DFS metadata
1.14526120893594,0.794649530356513,1.65056818960801,0.467014204958018,173,35,5,6,2.18996055739669e-12,,,GSE17538,OX6,recurrence_diagnostic,V2b_primary,M1,7.0,Diagnostic specification; endpoint assumptions remain,recorded cancer recurrence / DFS metadata
1.09891086617538,0.366012753073792,3.29935249976074,0.866466903454389,173,35,13,5,2.36016794467626e-07,,,GSE17538,OX6,recurrence_diagnostic,V2b_primary,M2,2.6923076923076925,Diagnostic specification; endpoint assumptions remain,recorded cancer recurrence / DFS metadata
1.02433157968757,0.721892753300768,1.45347793054804,0.892885222555395,145,34,1,3,2.3541932292481202e-14,,,GSE17538,OX3,recurrence_diagnostic,V3_src_stageII_III,M0,34.0,Diagnostic specification; endpoint assumptions remain,recorded cancer recurrence / DFS metadata
1.05610467639374,0.734241910449408,1.51905941574221,0.768507828473863,145,34,4,3,9.90079489933078e-08,,,GSE17538,OX3,recurrence_diagnostic,V3_src_stageII_III,M1,8.5,Diagnostic specification; endpoint assumptions remain,recorded cancer recurrence / DFS metadata
1.26902190316558,0.555716714223254,2.89790922154453,0.571736398243905,145,34,12,5,2.30508374539604e-11,,,GSE17538,OX3,recurrence_diagnostic,V3_src_stageII_III,M2,2.8333333333333335,Diagnostic specification; endpoint assumptions remain,recorded cancer recurrence / DFS metadata
1.21077304870035,0.826646952804741,1.77339476119185,0.325978942555459,145,34,1,4,7.806255641895631e-17,,,GSE17538,OX4,recurrence_diagnostic,V3_src_stageII_III,M0,34.0,Diagnostic specification; endpoint assumptions remain,recorded cancer recurrence / DFS metadata
1.25803050292706,0.850585846542144,1.86064787314386,0.250332605222175,145,34,4,4,6.09931088923312e-13,,,GSE17538,OX4,recurrence_diagnostic,V3_src_stageII_III,M1,8.5,Diagnostic specification; endpoint assumptions remain,recorded cancer recurrence / DFS metadata
1.29169620716027,0.504582864446179,3.30665032278399,0.593550589277459,145,34,12,5,2.6056376488888697e-11,,,GSE17538,OX4,recurrence_diagnostic,V3_src_stageII_III,M2,2.8333333333333335,Diagnostic specification; endpoint assumptions remain,recorded cancer recurrence / DFS metadata
0.919984181268412,0.656682763794695,1.28885809168081,0.627806231871877,145,34,1,3,1.06646746989014e-10,,,GSE17538,OX5,recurrence_diagnostic,V3_src_stageII_III,M0,34.0,Diagnostic specification; endpoint assumptions remain,recorded cancer recurrence / DFS metadata
0.959648923601923,0.673075599855443,1.36823568818735,0.81996911210334,145,34,4,3,2.09161406526435e-07,,,GSE17538,OX5,recurrence_diagnostic,V3_src_stageII_III,M1,8.5,Diagnostic specification; endpoint assumptions remain,recorded cancer recurrence / DFS metadata
0.719360413688335,0.334578016532947,1.54666289837035,0.399018157254998,145,34,12,5,8.23184676019726e-12,,,GSE17538,OX5,recurrence_diagnostic,V3_src_stageII_III,M2,2.8333333333333335,Diagnostic specification; endpoint assumptions remain,recorded cancer recurrence / DFS metadata
0.950559012655806,0.676417572085928,1.33580568250879,0.770219072558207,145,34,1,3,2.8620508740751e-12,,,GSE17538,OX5_noNRF2,recurrence_diagnostic,V3_src_stageII_III,M0,34.0,Diagnostic specification; endpoint assumptions remain,recorded cancer recurrence / DFS metadata
0.988739165733399,0.689925225363576,1.41697259632738,0.9508162187018,145,34,4,3,1.85738616741951e-07,,,GSE17538,OX5_noNRF2,recurrence_diagnostic,V3_src_stageII_III,M1,8.5,Diagnostic specification; endpoint assumptions remain,recorded cancer recurrence / DFS metadata
0.825289133201852,0.397596671349392,1.71304792635585,0.606311027529911,145,34,12,5,8.64846177012889e-12,,,GSE17538,OX5_noNRF2,recurrence_diagnostic,V3_src_stageII_III,M2,2.8333333333333335,Diagnostic specification; endpoint assumptions remain,recorded cancer recurrence / DFS metadata
1.10497797734519,0.768216691022744,1.58936449140719,0.590412887864049,145,34,1,3,2.90361472626149e-09,,,GSE17538,OX6,recurrence_diagnostic,V3_src_stageII_III,M0,34.0,Diagnostic specification; endpoint assumptions remain,recorded cancer recurrence / DFS metadata
1.13422362102521,0.782711575461778,1.64359805428018,0.505740864338418,145,34,4,4,4.54698482176376e-13,,,GSE17538,OX6,recurrence_diagnostic,V3_src_stageII_III,M1,8.5,Diagnostic specification; endpoint assumptions remain,recorded cancer recurrence / DFS metadata
1.07199740108548,0.348271909865008,3.2996586729589,0.903533169701256,145,34,12,5,1.8559146508002297e-11,,,GSE17538,OX6,recurrence_diagnostic,V3_src_stageII_III,M2,2.8333333333333335,Diagnostic specification; endpoint assumptions remain,recorded cancer recurrence / DFS metadata
1.02433157968757,0.721892753300768,1.45347793054804,0.892885222555395,145,34,1,3,2.3541932292481202e-14,,,GSE17538,OX3,recurrence_diagnostic,V4_src_stageII_III_timeGt0,M0,34.0,Diagnostic specification; endpoint assumptions remain,recorded cancer recurrence / DFS metadata
1.05610467639374,0.734241910449408,1.51905941574221,0.768507828473863,145,34,4,3,9.90079489933078e-08,,,GSE17538,OX3,recurrence_diagnostic,V4_src_stageII_III_timeGt0,M1,8.5,Diagnostic specification; endpoint assumptions remain,recorded cancer recurrence / DFS metadata
1.26902190316558,0.555716714223254,2.89790922154453,0.571736398243905,145,34,12,5,2.30508374539604e-11,,,GSE17538,OX3,recurrence_diagnostic,V4_src_stageII_III_timeGt0,M2,2.8333333333333335,Diagnostic specification; endpoint assumptions remain,recorded cancer recurrence / DFS metadata
1.21077304870035,0.826646952804741,1.77339476119185,0.325978942555459,145,34,1,4,7.806255641895631e-17,,,GSE17538,OX4,recurrence_diagnostic,V4_src_stageII_III_timeGt0,M0,34.0,Diagnostic specification; endpoint assumptions remain,recorded cancer recurrence / DFS metadata
1.25803050292706,0.850585846542144,1.86064787314386,0.250332605222175,145,34,4,4,6.09931088923312e-13,,,GSE17538,OX4,recurrence_diagnostic,V4_src_stageII_III_timeGt0,M1,8.5,Diagnostic specification; endpoint assumptions remain,recorded cancer recurrence / DFS metadata
1.29169620716027,0.504582864446179,3.30665032278399,0.593550589277459,145,34,12,5,2.6056376488888697e-11,,,GSE17538,OX4,recurrence_diagnostic,V4_src_stageII_III_timeGt0,M2,2.8333333333333335,Diagnostic specification; endpoint assumptions remain,recorded cancer recurrence / DFS metadata
0.919984181268412,0.656682763794695,1.28885809168081,0.627806231871877,145,34,1,3,1.06646746989014e-10,,,GSE17538,OX5,recurrence_diagnostic,V4_src_stageII_III_timeGt0,M0,34.0,Diagnostic specification; endpoint assumptions remain,recorded cancer recurrence / DFS metadata
0.959648923601923,0.673075599855443,1.36823568818735,0.81996911210334,145,34,4,3,2.09161406526435e-07,,,GSE17538,OX5,recurrence_diagnostic,V4_src_stageII_III_timeGt0,M1,8.5,Diagnostic specification; endpoint assumptions remain,recorded cancer recurrence / DFS metadata
0.719360413688335,0.334578016532947,1.54666289837035,0.399018157254998,145,34,12,5,8.23184676019726e-12,,,GSE17538,OX5,recurrence_diagnostic,V4_src_stageII_III_timeGt0,M2,2.8333333333333335,Diagnostic specification; endpoint assumptions remain,recorded cancer recurrence / DFS metadata
0.950559012655806,0.676417572085928,1.33580568250879,0.770219072558207,145,34,1,3,2.8620508740751e-12,,,GSE17538,OX5_noNRF2,recurrence_diagnostic,V4_src_stageII_III_timeGt0,M0,34.0,Diagnostic specification; endpoint assumptions remain,recorded cancer recurrence / DFS metadata
0.988739165733399,0.689925225363576,1.41697259632738,0.9508162187018,145,34,4,3,1.85738616741951e-07,,,GSE17538,OX5_noNRF2,recurrence_diagnostic,V4_src_stageII_III_timeGt0,M1,8.5,Diagnostic specification; endpoint assumptions remain,recorded cancer recurrence / DFS metadata
0.825289133201852,0.397596671349392,1.71304792635585,0.606311027529911,145,34,12,5,8.64846177012889e-12,,,GSE17538,OX5_noNRF2,recurrence_diagnostic,V4_src_stageII_III_timeGt0,M2,2.8333333333333335,Diagnostic specification; endpoint assumptions remain,recorded cancer recurrence / DFS metadata
1.10497797734519,0.768216691022744,1.58936449140719,0.590412887864049,145,34,1,3,2.90361472626149e-09,,,GSE17538,OX6,recurrence_diagnostic,V4_src_stageII_III_timeGt0,M0,34.0,Diagnostic specification; endpoint assumptions remain,recorded cancer recurrence / DFS metadata
1.13422362102521,0.782711575461778,1.64359805428018,0.505740864338418,145,34,4,4,4.54698482176376e-13,,,GSE17538,OX6,recurrence_diagnostic,V4_src_stageII_III_timeGt0,M1,8.5,Diagnostic specification; endpoint assumptions remain,recorded cancer recurrence / DFS metadata
1.07199740108548,0.348271909865008,3.2996586729589,0.903533169701256,145,34,12,5,1.8559146508002297e-11,,,GSE17538,OX6,recurrence_diagnostic,V4_src_stageII_III_timeGt0,M2,2.8333333333333335,Diagnostic specification; endpoint assumptions remain,recorded cancer recurrence / DFS metadata
1.13137155334112,0.772772055822288,1.65637665345894,0.525673966492382,145,31,1,3,7.3262301659299306e-09,,,GSE17538,OX3,recurrence_diagnostic,V5_maxfidelity_cens60,M0,31.0,Diagnostic specification; endpoint assumptions remain,recorded cancer recurrence / DFS metadata
1.1691794111819,0.789244912804701,1.73201052468476,0.435658137952921,145,31,4,4,3.07504711974098e-13,,,GSE17538,OX3,recurrence_diagnostic,V5_maxfidelity_cens60,M1,7.75,Diagnostic specification; endpoint assumptions remain,recorded cancer recurrence / DFS metadata
1.1484599875236,0.476565248327716,2.76763852918562,0.75774184642056,145,31,12,5,4.6140723556531e-09,,,GSE17538,OX3,recurrence_diagnostic,V5_maxfidelity_cens60,M2,2.5833333333333335,Diagnostic specification; endpoint assumptions remain,recorded cancer recurrence / DFS metadata
1.34371607137538,0.887913106181084,2.03350177838713,0.162236412047026,145,31,1,4,2.14634863701657e-12,,,GSE17538,OX4,recurrence_diagnostic,V5_maxfidelity_cens60,M0,31.0,Diagnostic specification; endpoint assumptions remain,recorded cancer recurrence / DFS metadata
1.39347961855075,0.914437210585515,2.12347597499123,0.122638295706312,145,31,4,4,1.1574418462186698e-11,,0.9220089144398,GSE17538,OX4,recurrence_diagnostic,V5_maxfidelity_cens60,M1,7.75,Diagnostic specification; endpoint assumptions remain,recorded cancer recurrence / DFS metadata
1.13686800345671,0.426867867758534,3.02779608142055,0.797437151270853,145,31,12,5,5.07815038845797e-09,,,GSE17538,OX4,recurrence_diagnostic,V5_maxfidelity_cens60,M2,2.5833333333333335,Diagnostic specification; endpoint assumptions remain,recorded cancer recurrence / DFS metadata
1.02609541230053,0.713358878176098,1.47593564383211,0.889538720503042,145,31,1,3,9.0804100350006e-15,,,GSE17538,OX5,recurrence_diagnostic,V5_maxfidelity_cens60,M0,31.0,Diagnostic specification; endpoint assumptions remain,recorded cancer recurrence / DFS metadata
1.08415250378424,0.738497041007873,1.59159290585309,0.679995139352443,145,31,4,4,7.79584900150478e-13,,,GSE17538,OX5,recurrence_diagnostic,V5_maxfidelity_cens60,M1,7.75,Diagnostic specification; endpoint assumptions remain,recorded cancer recurrence / DFS metadata
0.714531129190929,0.322225701829593,1.58446310050359,0.408095723515821,145,31,12,5,5.459170874707331e-09,,,GSE17538,OX5,recurrence_diagnostic,V5_maxfidelity_cens60,M2,2.5833333333333335,Diagnostic specification; endpoint assumptions remain,recorded cancer recurrence / DFS metadata
1.04311454535457,0.72385334844694,1.50318839729734,0.820867830956156,145,31,1,3,4.97873443860986e-13,,,GSE17538,OX5_noNRF2,recurrence_diagnostic,V5_maxfidelity_cens60,M0,31.0,Diagnostic specification; endpoint assumptions remain,recorded cancer recurrence / DFS metadata
1.09459643113519,0.74376200773664,1.61092034090312,0.646631810791837,145,31,4,4,1.85716009598419e-13,,,GSE17538,OX5_noNRF2,recurrence_diagnostic,V5_maxfidelity_cens60,M1,7.75,Diagnostic specification; endpoint assumptions remain,recorded cancer recurrence / DFS metadata
0.758191871582915,0.3501310656079,1.64182779136246,0.48254246864312,145,31,12,5,4.65258862407362e-09,,,GSE17538,OX5_noNRF2,recurrence_diagnostic,V5_maxfidelity_cens60,M2,2.5833333333333335,Diagnostic specification; endpoint assumptions remain,recorded cancer recurrence / DFS metadata
1.22691871831923,0.826120458889805,1.8221671248586,0.310864722426424,145,31,1,4,1.8834760140418202e-14,,,GSE17538,OX6,recurrence_diagnostic,V5_maxfidelity_cens60,M0,31.0,Diagnostic specification; endpoint assumptions remain,recorded cancer recurrence / DFS metadata
1.26020545884333,0.843790266859474,1.88212386522232,0.258457584626707,145,31,4,4,1.1880995492046199e-12,,,GSE17538,OX6,recurrence_diagnostic,V5_maxfidelity_cens60,M1,7.75,Diagnostic specification; endpoint assumptions remain,recorded cancer recurrence / DFS metadata
0.91905789903725,0.283721692469887,2.97709848841542,0.888066257470419,145,31,12,5,3.9436869287917905e-09,,,GSE17538,OX6,recurrence_diagnostic,V5_maxfidelity_cens60,M2,2.5833333333333335,Diagnostic specification; endpoint assumptions remain,recorded cancer recurrence / DFS metadata
