patient_id,in_reference_cohort,route_gdc_nonsyn,route_gdc_any_mutation,route_pancancer_nonsyn,route_pancancer_deep_deletion,predicted_lof_annotated,consequence,functional_evidence,classification,note
TCGA-A6-2686,True,1,1,1,0,0,"['intron_variant', 'missense_variant', 'upstream_gene_variant']",not_assessed,specified_KEAP1_gene_alteration,alteration-positive only; NOT claimed as uniform loss of function
TCGA-A6-5665,True,0,1,0,0,0,"['intron_variant', 'synonymous_variant', 'upstream_gene_variant']",not_assessed,specified_KEAP1_gene_alteration,alteration-positive only; NOT claimed as uniform loss of function
TCGA-AA-3506,True,0,0,0,1,0,,not_assessed,specified_KEAP1_gene_alteration,alteration-positive only; NOT claimed as uniform loss of function
TCGA-AA-3715,False,1,1,1,0,0,"['intron_variant', 'missense_variant', 'upstream_gene_variant']",not_assessed,specified_KEAP1_gene_alteration,alteration-positive only; NOT claimed as uniform loss of function
TCGA-AA-3850,False,0,0,0,1,0,,not_assessed,specified_KEAP1_gene_alteration,alteration-positive only; NOT claimed as uniform loss of function
TCGA-AA-3984,False,1,1,1,0,0,"['downstream_gene_variant', 'intron_variant', 'missense_variant', 'upstream_gene_variant']",not_assessed,specified_KEAP1_gene_alteration,alteration-positive only; NOT claimed as uniform loss of function
TCGA-AA-A00N,False,0,1,0,0,0,"['3_prime_UTR_variant', 'downstream_gene_variant', 'intron_variant', 'non_coding_transcript_exon_variant', 'synonymous_variant']",not_assessed,specified_KEAP1_gene_alteration,alteration-positive only; NOT claimed as uniform loss of function
TCGA-AA-A01R,False,1,1,1,0,0,"['intron_variant', 'missense_variant', 'upstream_gene_variant']",not_assessed,specified_KEAP1_gene_alteration,alteration-positive only; NOT claimed as uniform loss of function
TCGA-AZ-6601,True,1,1,0,0,0,"['3_prime_UTR_variant', 'missense_variant', 'non_coding_transcript_exon_variant', 'upstream_gene_variant']",not_assessed,specified_KEAP1_gene_alteration,alteration-positive only; NOT claimed as uniform loss of function
TCGA-CM-6674,True,1,1,1,0,0,"['missense_variant', 'upstream_gene_variant']",not_assessed,specified_KEAP1_gene_alteration,alteration-positive only; NOT claimed as uniform loss of function
TCGA-DM-A0X9,True,0,0,0,1,0,,not_assessed,specified_KEAP1_gene_alteration,alteration-positive only; NOT claimed as uniform loss of function
TCGA-DM-A1DB,True,0,1,0,0,0,"['intron_variant', 'synonymous_variant', 'upstream_gene_variant']",not_assessed,specified_KEAP1_gene_alteration,alteration-positive only; NOT claimed as uniform loss of function
TCGA-EI-6882,True,0,1,0,0,0,"['downstream_gene_variant', 'intron_variant', 'synonymous_variant', 'upstream_gene_variant']",not_assessed,specified_KEAP1_gene_alteration,alteration-positive only; NOT claimed as uniform loss of function
TCGA-F5-6814,True,1,1,0,0,0,"['missense_variant', 'synonymous_variant', 'upstream_gene_variant']",not_assessed,specified_KEAP1_gene_alteration,alteration-positive only; NOT claimed as uniform loss of function
